{
    "name": "root",
    "gauges": {
        "DroneFly.Policy.Entropy.mean": {
            "value": 3.418938159942627,
            "min": 1.4220876693725586,
            "max": 3.418938398361206,
            "count": 735
        },
        "DroneFly.Environment.EpisodeLength.mean": {
            "value": 33.0,
            "min": 33.0,
            "max": 271.05357142857144,
            "count": 735
        },
        "DroneFly.Policy.ExtrinsicValueEstimate.mean": {
            "value": 50.768375396728516,
            "min": -126.73075866699219,
            "max": 71.45966339111328,
            "count": 735
        },
        "DroneFly.Environment.CumulativeReward.mean": {
            "value": -2.010201588753731,
            "min": -2.0809999799306413,
            "max": -1.95572597876839,
            "count": 735
        },
        "DroneFly.Policy.ExtrinsicReward.mean": {
            "value": -2.010201588753731,
            "min": -2.0809999799306413,
            "max": -1.95572597876839,
            "count": 735
        },
        "DroneFly.Losses.ValueLoss.mean": {
            "value": 3222.67333984375,
            "min": 2.5900721993821207e-06,
            "max": 30720.740234375,
            "count": 735
        },
        "DroneFly.Losses.PolicyLoss.mean": {
            "value": 0.3365131914615631,
            "min": 0.2370137870311737,
            "max": 1.498354434967041,
            "count": 735
        },
        "DroneFly.Policy.LearningRate.mean": {
            "value": 0.00018982525216415524,
            "min": 0.00018982525216415524,
            "max": 0.00029991910560056567,
            "count": 735
        },
        "DroneFly.Policy.Epsilon.mean": {
            "value": 0.16327506303787231,
            "min": 0.16327506303787231,
            "max": 0.19997301697731018,
            "count": 735
        },
        "DroneFly.Policy.Beta.mean": {
            "value": 0.0003200478386133909,
            "min": 0.0003200478386133909,
            "max": 0.0004998678341507912,
            "count": 735
        },
        "DroneFly.IsTraining.mean": {
            "value": 1.0,
            "min": 1.0,
            "max": 1.0,
            "count": 735
        }
    },
    "metadata": {
        "timer_format_version": "0.1.0",
        "start_time_seconds": "1610045316",
        "python_version": "3.8.6 (tags/v3.8.6:db45529, Sep 23 2020, 15:52:53) [MSC v.1927 64 bit (AMD64)]",
        "command_line_arguments": "D:\\Projects\\VirtualEnviroments\\UnityMLAgentsTestEnv\\Scripts\\mlagents-learn .\\DroneFly.yaml --run-id=DroneFlyPlatformLandTest",
        "mlagents_version": "0.17.0",
        "mlagents_envs_version": "0.17.0",
        "communication_protocol_version": "1.0.0",
        "tensorflow_version": "2.2.0",
        "end_time_seconds": "1610064451"
    },
    "total": 19146.048351700003,
    "count": 1,
    "self": 0.40754240000387654,
    "children": {
        "run_training.setup": {
            "total": 0.3382950999999963,
            "count": 1,
            "self": 0.3382950999999963
        },
        "TrainerController.start_learning": {
            "total": 19145.3025142,
            "count": 1,
            "self": 173.2423567991682,
            "children": {
                "TrainerController._reset_env": {
                    "total": 20.83880210000001,
                    "count": 1,
                    "self": 20.83880210000001
                },
                "TrainerController.advance": {
                    "total": 18949.859516300832,
                    "count": 377340,
                    "self": 4.031317001365096,
                    "children": {
                        "env_step": {
                            "total": 18945.828199299467,
                            "count": 377340,
                            "self": 18711.49094060095,
                            "children": {
                                "SubprocessEnvManager._take_step": {
                                    "total": 229.7944747985129,
                                    "count": 377340,
                                    "self": 9.97997459890692,
                                    "children": {
                                        "NNPolicy.evaluate": {
                                            "total": 219.814500199606,
                                            "count": 306274,
                                            "self": 219.814500199606
                                        }
                                    }
                                },
                                "workers": {
                                    "total": 4.542783900002988,
                                    "count": 377339,
                                    "self": 0.0,
                                    "children": {
                                        "worker_root": {
                                            "total": 19111.488234299573,
                                            "count": 377339,
                                            "is_parallel": true,
                                            "self": 1059.139437698952,
                                            "children": {
                                                "steps_from_proto": {
                                                    "total": 0.003338300000002903,
                                                    "count": 1,
                                                    "is_parallel": true,
                                                    "self": 0.00014530000000334553,
                                                    "children": {
                                                        "_process_vector_observation": {
                                                            "total": 0.0031929999999995573,
                                                            "count": 8,
                                                            "is_parallel": true,
                                                            "self": 0.0031929999999995573
                                                        }
                                                    }
                                                },
                                                "UnityEnvironment.step": {
                                                    "total": 18052.34545830062,
                                                    "count": 377339,
                                                    "is_parallel": true,
                                                    "self": 42.65142509940415,
                                                    "children": {
                                                        "UnityEnvironment._generate_step_input": {
                                                            "total": 113.27650620044811,
                                                            "count": 377339,
                                                            "is_parallel": true,
                                                            "self": 113.27650620044811
                                                        },
                                                        "communicator.exchange": {
                                                            "total": 17327.59119810038,
                                                            "count": 377339,
                                                            "is_parallel": true,
                                                            "self": 17327.59119810038
                                                        },
                                                        "steps_from_proto": {
                                                            "total": 568.826328900387,
                                                            "count": 377339,
                                                            "is_parallel": true,