{
    "name": "root",
    "gauges": {
        "DroneFly.Policy.Entropy.mean": {
            "value": 1.9997217655181885,
            "min": 1.432889699935913,
            "max": 1.9997217655181885,
            "count": 62
        },
        "DroneFly.Environment.EpisodeLength.mean": {
            "value": 4.705275229357798,
            "min": 4.142561983471074,
            "max": 38.03968253968254,
            "count": 62
        },
        "DroneFly.Policy.ExtrinsicValueEstimate.mean": {
            "value": 7.2882795333862305,
            "min": 5.724004745483398,
            "max": 7.350832462310791,
            "count": 62
        },
        "DroneFly.Environment.CumulativeReward.mean": {
            "value": 7.464631030004319,
            "min": 7.313712779432535,
            "max": 7.514682046990646,
            "count": 62
        },
        "DroneFly.Policy.ExtrinsicReward.mean": {
            "value": 7.464631030004319,
            "min": 7.313712779432535,
            "max": 7.514682046990646,
            "count": 62
        },
        "DroneFly.Losses.ValueLoss.mean": {
            "value": 0.06534193456172943,
            "min": 0.00024658339680172503,
            "max": 2.969660520553589,
            "count": 62
        },
        "DroneFly.Losses.PolicyLoss.mean": {
            "value": 0.27902457118034363,
            "min": 0.2521350383758545,
            "max": 0.344905823469162,
            "count": 62
        },
        "DroneFly.Policy.LearningRate.mean": {
            "value": 0.0002907762536779046,
            "min": 0.0002907762536779046,
            "max": 0.0002999230637215078,
            "count": 62
        },
        "DroneFly.Policy.Epsilon.mean": {
            "value": 0.19692540168762207,
            "min": 0.19692540168762207,
            "max": 0.19997434318065643,
            "count": 62
        },
        "DroneFly.Policy.Beta.mean": {
            "value": 0.0004849345423281193,
            "min": 0.0004849345423281193,
            "max": 0.0004998743534088135,
            "count": 62
        },
        "DroneFly.IsTraining.mean": {
            "value": 1.0,
            "min": 1.0,
            "max": 1.0,
            "count": 62
        }
    },
    "metadata": {
        "timer_format_version": "0.1.0",
        "start_time_seconds": "1609827266",
        "python_version": "3.8.6 (tags/v3.8.6:db45529, Sep 23 2020, 15:52:53) [MSC v.1927 64 bit (AMD64)]",
        "command_line_arguments": "D:\\Projects\\VirtualEnviroments\\UnityMLAgentsTestEnv\\Scripts\\mlagents-learn .\\DroneFly.yaml --run-id=DroneFlySmallLandTest2",
        "mlagents_version": "0.17.0",
        "mlagents_envs_version": "0.17.0",
        "communication_protocol_version": "1.0.0",
        "tensorflow_version": "2.2.0",
        "end_time_seconds": "1609828485"
    },
    "total": 1218.8631893000002,
    "count": 1,
    "self": 0.009117800000240095,
    "children": {
        "run_training.setup": {
            "total": 0.06353049999999971,
            "count": 1,
            "self": 0.06353049999999971
        },
        "TrainerController.start_learning": {
            "total": 1218.7905409999998,
            "count": 1,
            "self": 19.661016800008383,
            "children": {
                "TrainerController._reset_env": {
                    "total": 26.696100299999998,
                    "count": 1,
                    "self": 26.696100299999998
                },
                "TrainerController.advance": {
                    "total": 1170.4311451999915,
                    "count": 48939,
                    "self": 0.5011619999745562,
                    "children": {
                        "env_step": {
                            "total": 1169.929983200017,
                            "count": 48939,
                            "self": 1149.6577252999793,
                            "children": {
                                "SubprocessEnvManager._take_step": {
                                    "total": 19.70134140001357,
                                    "count": 48939,
                                    "self": 0.9517251000260245,
                                    "children": {
                                        "NNPolicy.evaluate": {
                                            "total": 18.749616299987544,
                                            "count": 25877,
                                            "self": 18.749616299987544
                                        }
                                    }
                                },
                                "workers": {
                                    "total": 0.5709165000240759,
                                    "count": 48938,
                                    "self": 0.0,
                                    "children": {
                                        "worker_root": {
                                            "total": 1188.049658800001,
                                            "count": 48938,
                                            "is_parallel": true,
                                            "self": 111.04028810001455,
                                            "children": {
                                                "steps_from_proto": {
                                                    "total": 0.0035921000000023184,
                                                    "count": 1,
                                                    "is_parallel": true,
                                                    "self": 0.00015440000001021303,
                                                    "children": {
                                                        "_process_vector_observation": {
                                                            "total": 0.0034376999999921054,
                                                            "count": 8,
                                                            "is_parallel": true,
                                                            "self": 0.0034376999999921054
                                                        }
                                                    }
                                                },
                                                "UnityEnvironment.step": {
                                                    "total": 1077.0057785999863,
                                                    "count": 48938,
                                                    "is_parallel": true,
                                                    "self": 4.933348199972443,
                                                    "children": {
                                                        "UnityEnvironment._generate_step_input": {
                                                            "total": 10.487337100018554,
                                                            "count": 48938,
                                                            "is_parallel": true,
                                                            "self": 10.487337100018554
                                                        },
                                                        "communicator.exchange": {
                                                            "total": 1000.7838644999952,
                                                            "count": 48938,
                                                            "is_parallel": true,
                                                            "self": 1000.7838644999952
                                                        },
                                                        "steps_from_proto": {
                                                            "total": 60.8012288000002,
                                                            "count": 48938,
                                                            "is_parallel": true,