{
    "name": "root",
    "gauges": {
        "DroneFly.Policy.Entropy.mean": {
            "value": 1.3148069381713867,
            "min": 1.3148069381713867,
            "max": 1.4191009998321533,
            "count": 400
        },
        "DroneFly.Policy.ExtrinsicValueEstimate.mean": {
            "value": -0.458461731672287,
            "min": -0.8582371473312378,
            "max": -0.008022568188607693,
            "count": 400
        },
        "DroneFly.Environment.EpisodeLength.mean": {
            "value": 1032.25,
            "min": 396.0,
            "max": 1524.0,
            "count": 400
        },
        "DroneFly.Environment.CumulativeReward.mean": {
            "value": -1.2886248528957367,
            "min": -2.9297497868537903,
            "max": 0.0448567271232605,
            "count": 400
        },
        "DroneFly.Policy.ExtrinsicReward.mean": {
            "value": -1.2886248528957367,
            "min": -2.9297497868537903,
            "max": 0.0448567271232605,
            "count": 400
        },
        "DroneFly.IsTraining.mean": {
            "value": 1.0,
            "min": 1.0,
            "max": 1.0,
            "count": 400
        },
        "DroneFly.Losses.PolicyLoss.mean": {
            "value": 0.01995718501226899,
            "min": 0.013729760850158831,
            "max": 0.03450221159679737,
            "count": 235
        },
        "DroneFly.Losses.ValueLoss.mean": {
            "value": 0.004413529464121287,
            "min": 0.000245729275169045,
            "max": 0.07030491856858134,
            "count": 235
        },
        "DroneFly.Policy.LearningRate.mean": {
            "value": 0.00024020008993331,
            "min": 0.00024020008993331,
            "max": 0.00029975256008248,
            "count": 235
        },
        "DroneFly.Policy.Epsilon.mean": {
            "value": 0.18006669,
            "min": 0.18006669,
            "max": 0.19991752,
            "count": 235
        },
        "DroneFly.Policy.Beta.mean": {
            "value": 0.000802660231,
            "min": 0.000802660231,
            "max": 0.000999183448,
            "count": 235
        }
    },
    "metadata": {
        "timer_format_version": "0.1.0",
        "start_time_seconds": "1613157471",
        "python_version": "3.8.7 (tags/v3.8.7:6503f05, Dec 21 2020, 17:59:51) [MSC v.1928 64 bit (AMD64)]",
        "command_line_arguments": "D:\\Machine Learning\\UnityVirtualEnvironments\\MLDroneEnv\\Scripts\\mlagents-learn .\\DroneFly.yaml --run-id=DroneDistanceTestCase104",
        "mlagents_version": "0.23.0",
        "mlagents_envs_version": "0.23.0",
        "communication_protocol_version": "1.3.0",
        "pytorch_version": "1.6.0+cu101",
        "numpy_version": "1.19.5",
        "end_time_seconds": "1613173977"
    },
    "total": 16506.1701827,
    "count": 1,
    "self": 0.005500799998117145,
    "children": {
        "run_training.setup": {
            "total": 0.018715599999999943,
            "count": 1,
            "self": 0.018715599999999943
        },
        "TrainerController.start_learning": {
            "total": 16506.145966300002,
            "count": 1,
            "self": 22.212434800941992,
            "children": {
                "TrainerController._reset_env": {
                    "total": 9.413635,
                    "count": 1,
                    "self": 9.413635
                },
                "TrainerController.advance": {
                    "total": 16474.34686379906,
                    "count": 977867,
                    "self": 10.96073429795797,
                    "children": {
                        "env_step": {
                            "total": 16463.3861295011,
                            "count": 977867,
                            "self": 14381.918454202263,
                            "children": {
                                "SubprocessEnvManager._take_step": {
                                    "total": 2070.4115630993815,
                                    "count": 977867,
                                    "self": 56.02450109982033,
                                    "children": {
                                        "TorchPolicy.evaluate": {
                                            "total": 2014.3870619995612,
                                            "count": 977867,
                                            "self": 834.1683940992709,
                                            "children": {
                                                "TorchPolicy.sample_actions": {
                                                    "total": 1180.2186679002903,
                                                    "count": 977867,
                                                    "self": 1180.2186679002903
                                                }
                                            }
                                        }
                                    }
                                },
                                "workers": {
                                    "total": 11.05611219945713,
                                    "count": 977866,
                                    "self": 0.0,
                                    "children": {
                                        "worker_root": {
                                            "total": 16469.025007900276,
                                            "count": 977866,
                                            "is_parallel": true,
                                            "self": 3113.4191790992336,
                                            "children": {
                                                "steps_from_proto": {
                                                    "total": 0.0019276999999995326,
                                                    "count": 1,
                                                    "is_parallel": true,
                                                    "self": 0.00012570000000078352,
                                                    "children": {
                                                        "_process_vector_observation": {
                                                            "total": 0.001801999999998749,
                                                            "count": 8,
                                                            "is_parallel": true,
                                                            "self": 0.001801999999998749
                                                        }
                                                    }
                                                },
                                                "UnityEnvironment.step": {
                                                    "total": 13355.603901101043,
                                                    "count": 977866,
                                                    "is_parallel": true,
                                                    "self": 73.46965400056979,
                                                    "children": {
                                                        "UnityEnvironment._generate_step_input": {
                                                            "total": 185.35165589997246,
                                                            "count": 977866,
                                                            "is_parallel": true,
                                                            "self": 185.35165589997246
                                                        },
                                                        "communicator.exchange": {
                                                            "total": 12304.103603300182,
                                                            "count": 977866,
                                                            "is_parallel": true,