{
    "name": "root",
    "metadata": {
        "timer_format_version": "0.1.0",
        "start_time_seconds": "1613157297",
        "python_version": "3.8.7 (tags/v3.8.7:6503f05, Dec 21 2020, 17:59:51) [MSC v.1928 64 bit (AMD64)]",
        "command_line_arguments": "D:\\Machine Learning\\UnityVirtualEnvironments\\MLDroneEnv\\Scripts\\mlagents-learn .\\DroneFly.yaml --run-id=DroneDistanceTestCase103 --force",
        "mlagents_version": "0.23.0",
        "mlagents_envs_version": "0.23.0",
        "communication_protocol_version": "1.3.0",
        "pytorch_version": "1.6.0+cu101",
        "numpy_version": "1.19.5",
        "end_time_seconds": "1613157452"
    },
    "total": 154.9784773,
    "count": 1,
    "self": 0.004486300000024812,
    "children": {
        "run_training.setup": {
            "total": 0.0180188,
            "count": 1,
            "self": 0.0180188
        },
        "TrainerController.start_learning": {
            "total": 154.9559722,
            "count": 1,
            "self": 0.008949499999999944,
            "children": {
                "TrainerController._reset_env": {
                    "total": 154.0055707,
                    "count": 1,
                    "self": 154.0055707
                },
                "TrainerController.advance": {
                    "total": 0.6847209000000021,
                    "count": 1,
                    "self": 7.100000004811591e-06,
                    "children": {
                        "env_step": {
                            "total": 0.6847137999999973,
                            "count": 1,
                            "self": 0.00022210000000200125,
                            "children": {
                                "SubprocessEnvManager._take_step": {
                                    "total": 0.6844916999999953,
                                    "count": 1,
                                    "self": 7.449999998243584e-05,
                                    "children": {
                                        "TorchPolicy.evaluate": {
                                            "total": 0.6844172000000128,
                                            "count": 1,
                                            "self": 0.0028916000000265285,
                                            "children": {
                                                "TorchPolicy.sample_actions": {
                                                    "total": 0.6815255999999863,
                                                    "count": 1,
                                                    "self": 0.6815255999999863
                                                }
                                            }
                                        }
                                    }
                                }
                            }
                        }
                    }
                },
                "trainer_threads": {
                    "total": 1.3599999988400668e-05,
                    "count": 1,
                    "self": 1.3599999988400668e-05,
                    "children": {
                        "thread_root": {
                            "total": 0.0,
                            "count": 0,
                            "is_parallel": true,
                            "self": 0.0,
                            "children": {
                                "trainer_advance": {
                                    "total": 0.6923620999999969,
                                    "count": 45,
                                    "is_parallel": true,
                                    "self": 0.0015554999999665142,
                                    "children": {
                                        "process_trajectory": {
                                            "total": 0.6908066000000304,
                                            "count": 45,
                                            "is_parallel": true,
                                            "self": 0.6908066000000304
                                        }
                                    }
                                }
                            }
                        }
                    }
                },
                "TrainerController._save_models": {
                    "total": 0.2567175000000077,
                    "count": 1,
                    "self": 0.008708900000016229,
                    "children": {
                        "RLTrainer._checkpoint": {
                            "total": 0.24800859999999147,
                            "count": 1,
                            "self": 0.24800859999999147
                        }
                    }
                }
            }
        }
    }
}