{
    "name": "root",
    "gauges": {
        "DroneFly.Policy.Entropy.mean": {
            "value": 3.418938159942627,
            "min": 3.4189376831054688,
            "max": 3.418938398361206,
            "count": 227
        },
        "DroneFly.Environment.EpisodeLength.mean": {
            "value": 41.23275862068966,
            "min": 18.362934362934364,
            "max": 75.2,
            "count": 227
        },
        "DroneFly.Policy.ExtrinsicValueEstimate.mean": {
            "value": -0.21280962228775024,
            "min": -2.8566086292266846,
            "max": -0.10649192333221436,
            "count": 227
        },
        "DroneFly.Environment.CumulativeReward.mean": {
            "value": -0.3638934749981453,
            "min": -3.1348786023942377,
            "max": -0.05171700385438294,
            "count": 227
        },
        "DroneFly.Policy.ExtrinsicReward.mean": {
            "value": -0.3638934749981453,
            "min": -3.1348786023942377,
            "max": -0.05171700385438294,
            "count": 227
        },
        "DroneFly.Losses.ValueLoss.mean": {
            "value": 0.3284282088279724,
            "min": 0.013427612371742725,
            "max": 3.9940826892852783,
            "count": 227
        },
        "DroneFly.Losses.PolicyLoss.mean": {
            "value": 0.25123080611228943,
            "min": 0.23665793240070343,
            "max": 0.37800928950309753,
            "count": 227
        },
        "DroneFly.Policy.LearningRate.mean": {
            "value": 1.8749936998574412e-06,
            "min": 1.8749936998574412e-06,
            "max": 0.00017107442545238882,
            "count": 227
        },
        "DroneFly.Policy.Epsilon.mean": {
            "value": 0.10062496364116669,
            "min": 0.10062496364116669,
            "max": 0.1570247858762741,
            "count": 227
        },
        "DroneFly.Policy.Beta.mean": {
            "value": 1.3062327525403816e-05,
            "min": 1.3062327525403816e-05,
            "max": 0.00028942147037014365,
            "count": 227
        },
        "DroneFly.IsTraining.mean": {
            "value": 1.0,
            "min": 1.0,
            "max": 1.0,
            "count": 227
        }
    },
    "metadata": {
        "timer_format_version": "0.1.0",
        "start_time_seconds": "1603818804",
        "python_version": "3.8.6 (tags/v3.8.6:db45529, Sep 23 2020, 15:52:53) [MSC v.1927 64 bit (AMD64)]",
        "command_line_arguments": "D:\\Projects\\VirtualEnviroments\\UnityMLAgentsTestEnv\\Scripts\\mlagents-learn .\\DroneFly.yaml --run-id=DroneFly6 --resume",
        "mlagents_version": "0.17.0",
        "mlagents_envs_version": "0.17.0",
        "communication_protocol_version": "1.0.0",
        "tensorflow_version": "2.2.0",
        "end_time_seconds": "1603820254"
    },
    "total": 1449.7632585,
    "count": 1,
    "self": 0.009621100000003935,
    "children": {
        "run_training.setup": {
            "total": 0.02428970000000019,
            "count": 1,
            "self": 0.02428970000000019
        },
        "TrainerController.start_learning": {
            "total": 1449.7293476999998,
            "count": 1,
            "self": 69.16581420004309,
            "children": {
                "TrainerController._reset_env": {
                    "total": 25.8452013,
                    "count": 1,
                    "self": 25.8452013
                },
                "TrainerController.advance": {
                    "total": 1353.4024250999566,
                    "count": 104953,
                    "self": 1.186504099972126,
                    "children": {
                        "env_step": {
                            "total": 1352.2159209999845,
                            "count": 104953,
                            "self": 1268.110234099975,
                            "children": {
                                "SubprocessEnvManager._take_step": {
                                    "total": 82.63972040001356,
                                    "count": 104953,
                                    "self": 3.5403907000363546,
                                    "children": {
                                        "NNPolicy.evaluate": {
                                            "total": 79.0993296999772,
                                            "count": 94754,
                                            "self": 79.0993296999772
                                        }
                                    }
                                },
                                "workers": {
                                    "total": 1.4659664999959574,
                                    "count": 104952,
                                    "self": 0.0,
                                    "children": {
                                        "worker_root": {
                                            "total": 1419.1054587999872,
                                            "count": 104952,
                                            "is_parallel": true,
                                            "self": 358.9299450000083,
                                            "children": {
                                                "steps_from_proto": {
                                                    "total": 0.0004501999999995121,
                                                    "count": 1,
                                                    "is_parallel": true,
                                                    "self": 0.00011740000000060036,
                                                    "children": {
                                                        "_process_vector_observation": {
                                                            "total": 0.00033279999999891174,
                                                            "count": 2,
                                                            "is_parallel": true,
                                                            "self": 0.00033279999999891174
                                                        }
                                                    }
                                                },
                                                "UnityEnvironment.step": {
                                                    "total": 1060.175063599979,
                                                    "count": 104952,
                                                    "is_parallel": true,
                                                    "self": 8.463516600011872,
                                                    "children": {
                                                        "UnityEnvironment._generate_step_input": {
                                                            "total": 37.88414860001838,
                                                            "count": 104952,
                                                            "is_parallel": true,
                                                            "self": 37.88414860001838
                                                        },
                                                        "communicator.exchange": {
                                                            "total": 985.7900978999556,
                                                            "count": 104952,
                                                            "is_parallel": true,
                                                            "self": 985.7900978999556
                                                        },
                                                        "steps_from_proto": {
                                                            "total": 28.03730049999298,
                                                            "count": 104952,
                                                            "is_parallel": true,