{
    "name": "root",
    "gauges": {
        "DroneFly.Policy.Entropy.mean": {
            "value": 1.6070148944854736,
            "min": 1.5747565031051636,
            "max": 1.8869071006774902,
            "count": 211
        },
        "DroneFly.Environment.EpisodeLength.mean": {
            "value": 82.58333333333333,
            "min": 42.93859649122807,
            "max": 83.96610169491525,
            "count": 211
        },
        "DroneFly.Policy.ExtrinsicValueEstimate.mean": {
            "value": 0.7402956485748291,
            "min": -1.6338856220245361,
            "max": 0.7508230209350586,
            "count": 211
        },
        "DroneFly.Environment.CumulativeReward.mean": {
            "value": 0.9749333540598552,
            "min": -2.013203536514687,
            "max": 0.9751166890064875,
            "count": 211
        },
        "DroneFly.Policy.ExtrinsicReward.mean": {
            "value": 0.9749333540598552,
            "min": -2.013203536514687,
            "max": 0.9751166890064875,
            "count": 211
        },
        "DroneFly.Losses.ValueLoss.mean": {
            "value": 0.00019954124582000077,
            "min": 2.3721718207525555e-06,
            "max": 0.3671903908252716,
            "count": 211
        },
        "DroneFly.Losses.PolicyLoss.mean": {
            "value": 0.2399308681488037,
            "min": 0.22933176159858704,
            "max": 0.26875975728034973,
            "count": 211
        },
        "DroneFly.Policy.LearningRate.mean": {
            "value": 0.00026107626035809517,
            "min": 0.00026107626035809517,
            "max": 0.0002925149747170508,
            "count": 211
        },
        "DroneFly.Policy.Epsilon.mean": {
            "value": 0.18702539801597595,
            "min": 0.18702539801597595,
            "max": 0.19750498235225677,
            "count": 211
        },
        "DroneFly.Policy.Beta.mean": {
            "value": 0.0004364245687611401,
            "min": 0.0004364245687611401,
            "max": 0.0004877743776887655,
            "count": 211
        },
        "DroneFly.IsTraining.mean": {
            "value": 1.0,
            "min": 1.0,
            "max": 1.0,
            "count": 211
        }
    },
    "metadata": {
        "timer_format_version": "0.1.0",
        "start_time_seconds": "1607128542",
        "python_version": "3.8.6 (tags/v3.8.6:db45529, Sep 23 2020, 15:52:53) [MSC v.1927 64 bit (AMD64)]",
        "command_line_arguments": "D:\\Projects\\VirtualEnviroments\\UnityMLAgentsTestEnv\\Scripts\\mlagents-learn .\\DroneFly.yaml --run-id=DroneFlyAvoidTest3-2 --resume",
        "mlagents_version": "0.17.0",
        "mlagents_envs_version": "0.17.0",
        "communication_protocol_version": "1.0.0",
        "tensorflow_version": "2.2.0",
        "end_time_seconds": "1607138707"
    },
    "total": 10165.1658756,
    "count": 1,
    "self": 0.008719199999177363,
    "children": {
        "run_training.setup": {
            "total": 0.272465099999998,
            "count": 1,
            "self": 0.272465099999998
        },
        "TrainerController.start_learning": {
            "total": 10164.8846913,
            "count": 1,
            "self": 274.07248119944416,
            "children": {
                "TrainerController._reset_env": {
                    "total": 14.917166300000005,
                    "count": 1,
                    "self": 14.917166300000005
                },
                "TrainerController.advance": {
                    "total": 9874.462311300556,
                    "count": 1065011,
                    "self": 10.459108100103549,
                    "children": {
                        "env_step": {
                            "total": 9864.003203200453,
                            "count": 1065011,
                            "self": 9268.364504400437,
                            "children": {
                                "SubprocessEnvManager._take_step": {
                                    "total": 583.5260632005161,
                                    "count": 1065011,
                                    "self": 24.98473650108849,
                                    "children": {
                                        "NNPolicy.evaluate": {
                                            "total": 558.5413266994276,
                                            "count": 1053181,
                                            "self": 558.5413266994276
                                        }
                                    }
                                },
                                "workers": {
                                    "total": 12.112635599500592,
                                    "count": 1065010,
                                    "self": 0.0,
                                    "children": {
                                        "worker_root": {
                                            "total": 10120.898088600643,
                                            "count": 1065010,
                                            "is_parallel": true,
                                            "self": 1924.0024559002413,
                                            "children": {
                                                "steps_from_proto": {
                                                    "total": 0.0006798000000003412,
                                                    "count": 1,
                                                    "is_parallel": true,
                                                    "self": 0.00011469999999924596,
                                                    "children": {
                                                        "_process_vector_observation": {
                                                            "total": 0.0005651000000010953,
                                                            "count": 8,
                                                            "is_parallel": true,
                                                            "self": 0.0005651000000010953
                                                        }
                                                    }
                                                },
                                                "UnityEnvironment.step": {
                                                    "total": 8196.894952900402,
                                                    "count": 1065010,
                                                    "is_parallel": true,
                                                    "self": 64.40607349981929,
                                                    "children": {
                                                        "UnityEnvironment._generate_step_input": {
                                                            "total": 116.25557120014216,
                                                            "count": 1065010,
                                                            "is_parallel": true,
                                                            "self": 116.25557120014216
                                                        },
                                                        "communicator.exchange": {
                                                            "total": 7618.413120299772,
                                                            "count": 1065010,
                                                            "is_parallel": true,
                                                            "self": 7618.413120299772
                                                        },
                                                        "steps_from_proto": {
                                                            "total": 397.82018790066826,
                                                            "count": 1065010,