{
    "name": "root",
    "gauges": {
        "DroneFly.Policy.Entropy.mean": {
            "value": 3.418938159942627,
            "min": 3.4189376831054688,
            "max": 3.418938398361206,
            "count": 41
        },
        "DroneFly.Policy.ExtrinsicValueEstimate.mean": {
            "value": -0.45069462060928345,
            "min": -0.7801376581192017,
            "max": 0.42698758840560913,
            "count": 41
        },
        "DroneFly.Environment.EpisodeLength.mean": {
            "value": 57.2,
            "min": 40.99159663865546,
            "max": 82.88,
            "count": 41
        },
        "DroneFly.Losses.ValueLoss.mean": {
            "value": 0.016327040269970894,
            "min": 0.004364721942692995,
            "max": 0.1051621213555336,
            "count": 41
        },
        "DroneFly.Losses.PolicyLoss.mean": {
            "value": 0.2697197496891022,
            "min": 0.23756061494350433,
            "max": 0.29893869161605835,
            "count": 41
        },
        "DroneFly.Policy.LearningRate.mean": {
            "value": 0.0001485732791479677,
            "min": 0.0001485732791479677,
            "max": 0.0001545312552480027,
            "count": 41
        },
        "DroneFly.Policy.Epsilon.mean": {
            "value": 0.14952442049980164,
            "min": 0.14952442049980164,
            "max": 0.15151040256023407,
            "count": 41
        },
        "DroneFly.Policy.Beta.mean": {
            "value": 0.00025266953161917627,
            "min": 0.00025266953161917627,
            "max": 0.0002624009794089943,
            "count": 41
        },
        "DroneFly.Environment.CumulativeReward.mean": {
            "value": -0.8921662975760067,
            "min": -1.1111616948875813,
            "max": 0.5887584125995636,
            "count": 41
        },
        "DroneFly.Policy.ExtrinsicReward.mean": {
            "value": -0.8921662975760067,
            "min": -1.1111616948875813,
            "max": 0.5887584125995636,
            "count": 41
        },
        "DroneFly.IsTraining.mean": {
            "value": 1.0,
            "min": 1.0,
            "max": 1.0,
            "count": 41
        }
    },
    "metadata": {
        "timer_format_version": "0.1.0",
        "start_time_seconds": "1609946115",
        "python_version": "3.8.6 (tags/v3.8.6:db45529, Sep 23 2020, 15:52:53) [MSC v.1927 64 bit (AMD64)]",
        "command_line_arguments": "D:\\Projects\\VirtualEnviroments\\UnityMLAgentsTestEnv\\Scripts\\mlagents-learn .\\DroneFly.yaml --run-id=DroneFlySmallLandTest3 --resume",
        "mlagents_version": "0.17.0",
        "mlagents_envs_version": "0.17.0",
        "communication_protocol_version": "1.0.0",
        "tensorflow_version": "2.2.0",
        "end_time_seconds": "1609946838"
    },
    "total": 723.7526295,
    "count": 1,
    "self": 0.00820669999995971,
    "children": {
        "run_training.setup": {
            "total": 0.41300669999999684,
            "count": 1,
            "self": 0.41300669999999684
        },
        "TrainerController.start_learning": {
            "total": 723.3314161000001,
            "count": 1,
            "self": 12.91967520000037,
            "children": {
                "TrainerController._reset_env": {
                    "total": 16.2552582,
                    "count": 1,
                    "self": 16.2552582
                },
                "TrainerController.advance": {
                    "total": 692.8119605999997,
                    "count": 20137,
                    "self": 0.22185579999620586,
                    "children": {
                        "env_step": {
                            "total": 692.5901048000035,
                            "count": 20137,
                            "self": 678.624078400001,
                            "children": {
                                "SubprocessEnvManager._take_step": {
                                    "total": 13.710806600000026,
                                    "count": 20137,
                                    "self": 0.5868149000076244,
                                    "children": {
                                        "NNPolicy.evaluate": {
                                            "total": 13.123991699992402,
                                            "count": 16941,
                                            "self": 13.123991699992402
                                        }
                                    }
                                },
                                "workers": {
                                    "total": 0.2552198000023651,
                                    "count": 20136,
                                    "self": 0.0,
                                    "children": {
                                        "worker_root": {
                                            "total": 704.5095220999982,
                                            "count": 20136,
                                            "is_parallel": true,
                                            "self": 63.23343689999672,
                                            "children": {
                                                "steps_from_proto": {
                                                    "total": 0.0036874999999980673,
                                                    "count": 1,
                                                    "is_parallel": true,
                                                    "self": 0.00015960000000347918,
                                                    "children": {
                                                        "_process_vector_observation": {
                                                            "total": 0.003527899999994588,
                                                            "count": 8,
                                                            "is_parallel": true,
                                                            "self": 0.003527899999994588
                                                        }
                                                    }
                                                },
                                                "UnityEnvironment.step": {
                                                    "total": 641.2723977000015,
                                                    "count": 20136,
                                                    "is_parallel": true,
                                                    "self": 2.645006599995554,
                                                    "children": {
                                                        "UnityEnvironment._generate_step_input": {
                                                            "total": 6.565252400003146,
                                                            "count": 20136,
                                                            "is_parallel": true,
                                                            "self": 6.565252400003146
                                                        },
                                                        "communicator.exchange": {
                                                            "total": 598.8663109000037,
                                                            "count": 20136,
                                                            "is_parallel": true,
                                                            "self": 598.8663109000037
                                                        },
                                                        "steps_from_proto": {
                                                            "total": 33.195827799999115,
                                                            "count": 20136,
                                                            "is_parallel": true,