{
    "name": "root",
    "gauges": {
        "DroneFly.Policy.Entropy.mean": {
            "value": 1.3228331804275513,
            "min": 1.3228331804275513,
            "max": 1.4189386367797852,
            "count": 278
        },
        "DroneFly.Environment.EpisodeLength.mean": {
            "value": 89.78181818181818,
            "min": 35.80882352941177,
            "max": 115.71428571428571,
            "count": 278
        },
        "DroneFly.Policy.ExtrinsicValueEstimate.mean": {
            "value": 4.515431880950928,
            "min": -0.5066087245941162,
            "max": 4.517509460449219,
            "count": 278
        },
        "DroneFly.Environment.CumulativeReward.mean": {
            "value": 8.541909633983265,
            "min": -4.03713658452034,
            "max": 9.148174949314283,
            "count": 278
        },
        "DroneFly.Policy.ExtrinsicReward.mean": {
            "value": 8.541909633983265,
            "min": -4.03713658452034,
            "max": 9.148174949314283,
            "count": 278
        },
        "DroneFly.IsTraining.mean": {
            "value": 1.0,
            "min": 1.0,
            "max": 1.0,
            "count": 278
        },
        "DroneFly.Losses.PolicyLoss.mean": {
            "value": 0.01429444046516437,
            "min": 0.01041696231889849,
            "max": 0.02026573183053794,
            "count": 67
        },
        "DroneFly.Losses.ValueLoss.mean": {
            "value": 0.00010824738128576428,
            "min": 7.570215457235463e-05,
            "max": 1.2440937121709188,
            "count": 67
        },
        "DroneFly.Policy.LearningRate.mean": {
            "value": 0.00025874782375073,
            "min": 0.00025874782375073,
            "max": 0.00029938065020644985,
            "count": 67
        },
        "DroneFly.Policy.Epsilon.mean": {
            "value": 0.18624927000000008,
            "min": 0.18624927000000008,
            "max": 0.19979355,
            "count": 67
        },
        "DroneFly.Policy.Beta.mean": {
            "value": 0.0008638677730000003,
            "min": 0.0008638677730000003,
            "max": 0.0009979561449999998,
            "count": 67
        }
    },
    "metadata": {
        "timer_format_version": "0.1.0",
        "start_time_seconds": "1613406933",
        "python_version": "3.8.7 (tags/v3.8.7:6503f05, Dec 21 2020, 17:59:51) [MSC v.1928 64 bit (AMD64)]",
        "command_line_arguments": "D:\\Machine Learning\\UnityVirtualEnvironments\\MLDroneEnv\\Scripts\\mlagents-learn .\\DroneFly.yaml --run-id=DroneDistanceTestCase03-1",
        "mlagents_version": "0.23.0",
        "mlagents_envs_version": "0.23.0",
        "communication_protocol_version": "1.3.0",
        "pytorch_version": "1.6.0+cu101",
        "numpy_version": "1.19.5",
        "end_time_seconds": "1613412700"
    },
    "total": 5766.0911811999995,
    "count": 1,
    "self": 0.006780499999877065,
    "children": {
        "run_training.setup": {
            "total": 0.019332600000000033,
            "count": 1,
            "self": 0.019332600000000033
        },
        "TrainerController.start_learning": {
            "total": 5766.0650681,
            "count": 1,
            "self": 3.5830841000324654,
            "children": {
                "TrainerController._reset_env": {
                    "total": 10.5433263,
                    "count": 1,
                    "self": 10.5433263
                },
                "TrainerController.advance": {
                    "total": 5751.7734446999675,
                    "count": 151377,
                    "self": 1.7038262999831204,
                    "children": {
                        "env_step": {
                            "total": 5750.069618399984,
                            "count": 151377,
                            "self": 5404.596796399954,
                            "children": {
                                "SubprocessEnvManager._take_step": {
                                    "total": 343.5938686000254,
                                    "count": 151377,
                                    "self": 8.747829400056503,
                                    "children": {
                                        "TorchPolicy.evaluate": {
                                            "total": 334.8460391999689,
                                            "count": 139121,
                                            "self": 132.08644170014605,
                                            "children": {
                                                "TorchPolicy.sample_actions": {
                                                    "total": 202.75959749982286,
                                                    "count": 139121,
                                                    "self": 202.75959749982286
                                                }
                                            }
                                        }
                                    }
                                },
                                "workers": {
                                    "total": 1.8789534000056154,
                                    "count": 151376,
                                    "self": 0.0,
                                    "children": {
                                        "worker_root": {
                                            "total": 5751.896458500045,
                                            "count": 151376,
                                            "is_parallel": true,
                                            "self": 546.9942595000139,
                                            "children": {
                                                "steps_from_proto": {
                                                    "total": 0.003303500000001236,
                                                    "count": 1,
                                                    "is_parallel": true,
                                                    "self": 0.00014250000000082252,
                                                    "children": {
                                                        "_process_vector_observation": {
                                                            "total": 0.0031610000000004135,
                                                            "count": 8,
                                                            "is_parallel": true,
                                                            "self": 0.0031610000000004135
                                                        }
                                                    }
                                                },
                                                "UnityEnvironment.step": {
                                                    "total": 5204.898895500031,
                                                    "count": 151376,
                                                    "is_parallel": true,
                                                    "self": 18.462984400131973,
                                                    "children": {
                                                        "UnityEnvironment._generate_step_input": {
                                                            "total": 69.53454189993786,
                                                            "count": 151376,
                                                            "is_parallel": true,
                                                            "self": 69.53454189993786
                                                        },
                                                        "communicator.exchange": {
                                                            "total": 4849.867464299947,
                                                            "count": 151376,
                                                            "is_parallel": true,