{
    "name": "root",
    "gauges": {
        "DroneFly.Policy.Entropy.mean": {
            "value": -0.8056489825248718,
            "min": -0.8125777244567871,
            "max": -0.04304082319140434,
            "count": 176
        },
        "DroneFly.Policy.ExtrinsicValueEstimate.mean": {
            "value": -0.6747331619262695,
            "min": -1.8222589492797852,
            "max": -0.4148605465888977,
            "count": 176
        },
        "DroneFly.Policy.GailValueEstimate.mean": {
            "value": 0.12787899374961853,
            "min": -0.006420576013624668,
            "max": 0.9218194484710693,
            "count": 176
        },
        "DroneFly.Losses.PolicyLoss.mean": {
            "value": 0.1958850167354445,
            "min": 0.1373018670268764,
            "max": 0.3154154937730542,
            "count": 176
        },
        "DroneFly.Losses.ValueLoss.mean": {
            "value": 0.018761521912128494,
            "min": 0.0001517867132259554,
            "max": 1.1430168589200116,
            "count": 176
        },
        "DroneFly.Policy.LearningRate.mean": {
            "value": 0.0002706809272730275,
            "min": 0.0002706809272730275,
            "max": 0.00029686692104435993,
            "count": 176
        },
        "DroneFly.Policy.Epsilon.mean": {
            "value": 0.19022697250000004,
            "min": 0.19022697250000004,
            "max": 0.19895564000000004,
            "count": 176
        },
        "DroneFly.Policy.Beta.mean": {
            "value": 0.00045211216525000006,
            "min": 0.00045211216525000006,
            "max": 0.0004948826359999999,
            "count": 176
        },
        "DroneFly.Policy.GAILPolicyEstimate.mean": {
            "value": 0.006509139481980966,
            "min": 0.0009053600232974439,
            "max": 0.04697239603038859,
            "count": 176
        },
        "DroneFly.Policy.GAILExpertEstimate.mean": {
            "value": 0.9953015765021898,
            "min": 0.9722196596522774,
            "max": 0.9999164620303018,
            "count": 176
        },
        "DroneFly.Losses.GAILLoss.mean": {
            "value": 0.013874596363645401,
            "min": 0.0019850770072106,
            "max": 0.06913802460703869,
            "count": 176
        },
        "DroneFly.Policy.GAILGradMagLoss.mean": {
            "value": 0.018771394638793737,
            "min": 0.0049964242734786895,
            "max": 1.0386780317784066,
            "count": 176
        },
        "DroneFly.Losses.PretrainingLoss.mean": {
            "value": 0.017652808380655277,
            "min": 0.01566933461545426,
            "max": 0.5789410345727738,
            "count": 176
        },
        "DroneFly.Environment.EpisodeLength.mean": {
            "value": 168.0,
            "min": 158.67857142857142,
            "max": 224.83333333333334,
            "count": 176
        },
        "DroneFly.IsTraining.mean": {
            "value": 1.0,
            "min": 1.0,
            "max": 1.0,
            "count": 176
        },
        "DroneFly.Environment.CumulativeReward.mean": {
            "value": -1.2263333098342022,
            "min": -2.3399999464269388,
            "max": -1.1146666339909037,
            "count": 175
        },
        "DroneFly.Policy.ExtrinsicReward.mean": {
            "value": -1.2263333098342022,
            "min": -2.3399999464269388,
            "max": -1.1146666339909037,
            "count": 175
        },
        "DroneFly.Policy.GailReward.mean": {
            "value": 4.717228781634776,
            "min": 0.0397124934129189,
            "max": 15.792225777046777,
            "count": 175
        }
    },
    "metadata": {
        "timer_format_version": "0.1.0",
        "start_time_seconds": "1612743151",
        "python_version": "3.8.7 (tags/v3.8.7:6503f05, Dec 21 2020, 17:59:51) [MSC v.1928 64 bit (AMD64)]",
        "command_line_arguments": "D:\\Machine Learning\\UnityVirtualEnvironments\\MLDroneEnv\\Scripts\\mlagents-learn .\\DroneFly.yaml --run-id=DroneDistanceTestCase12 --resume",
        "mlagents_version": "0.23.0",
        "mlagents_envs_version": "0.23.0",
        "communication_protocol_version": "1.3.0",
        "pytorch_version": "1.6.0+cu101",
        "numpy_version": "1.19.5",
        "end_time_seconds": "1612749710"
    },
    "total": 6558.9575380999995,
    "count": 1,
    "self": 0.007033299999420706,
    "children": {
        "run_training.setup": {
            "total": 0.01816529999999994,
            "count": 1,
            "self": 0.01816529999999994
        },
        "TrainerController.start_learning": {
            "total": 6558.9323395,
            "count": 1,
            "self": 3.058429100144167,
            "children": {
                "TrainerController._reset_env": {
                    "total": 11.336995799999999,
                    "count": 1,
                    "self": 9.9272009,
                    "children": {
                        "demo_to_buffer": {
                            "total": 1.4097948999999979,
                            "count": 2,
                            "self": 0.006209099999995971,
                            "children": {
                                "load_demonstration": {
                                    "total": 0.9178262000000004,
                                    "count": 2,
                                    "self": 0.9173623000000006,
                                    "children": {
                                        "read_file": {
                                            "total": 0.0004638999999997395,
                                            "count": 2,
                                            "self": 0.0004638999999997395
                                        }
                                    }
                                },
                                "make_demo_buffer": {
                                    "total": 0.4857596000000015,
                                    "count": 2,
                                    "self": 0.04744980000002741,
                                    "children": {
                                        "steps_from_proto": {
                                            "total": 0.4383097999999741,
                                            "count": 1092,
                                            "self": 0.06582849999992035,
                                            "children": {
                                                "_process_vector_observation": {
                                                    "total": 0.37248130000005375,
                                                    "count": 8736,
                                                    "self": 0.37248130000005375
                                                }
                                            }
                                        }
                                    }
                                }
                            }
                        }
                    }
                },
                "TrainerController.advance": {
                    "total": 6544.457309699856,
                    "count": 79767,
                    "self": 1.0276609998627464,
                    "children": {
                        "env_step": {
                            "total": 6543.429648699993,
                            "count": 79767,
                            "self": 6343.28339759989,
                            "children": {
                                "SubprocessEnvManager._take_step": {
                                    "total": 199.07483680004486,
                                    "count": 79767,
                                    "self": 5.866309800213202,
                                    "children": {
                                        "TorchPolicy.evaluate": {
                                            "total": 193.20852699983166,