{
    "name": "root",
    "gauges": {
        "DroneFly.Policy.Entropy.mean": {
            "value": 3.418938159942627,
            "min": 3.4189376831054688,
            "max": 3.418938398361206,
            "count": 8
        },
        "DroneFly.Environment.EpisodeLength.mean": {
            "value": 195.0,
            "min": 125.3076923076923,
            "max": 616.5555555555555,
            "count": 8
        },
        "DroneFly.Policy.ExtrinsicValueEstimate.mean": {
            "value": 0.37180987000465393,
            "min": 0.34284159541130066,
            "max": 0.8721235394477844,
            "count": 8
        },
        "DroneFly.Environment.CumulativeReward.mean": {
            "value": 0.9565217391304348,
            "min": 0.9487179487179487,
            "max": 1.0,
            "count": 8
        },
        "DroneFly.Policy.ExtrinsicReward.mean": {
            "value": 0.9565217391304348,
            "min": 0.9487179487179487,
            "max": 1.0,
            "count": 8
        },
        "DroneFly.Losses.ValueLoss.mean": {
            "value": 0.4079279601573944,
            "min": 0.3936668336391449,
            "max": 0.9846571087837219,
            "count": 8
        },
        "DroneFly.Losses.PolicyLoss.mean": {
            "value": 0.242296501994133,
            "min": 0.23465557396411896,
            "max": 0.2485802173614502,
            "count": 8
        },
        "DroneFly.Policy.LearningRate.mean": {
            "value": 3.82468584803064e-07,
            "min": 3.82468584803064e-07,
            "max": 5.440423592517618e-06,
            "count": 8
        },
        "DroneFly.Policy.Epsilon.mean": {
            "value": 0.1001274585723877,
            "min": 0.1001274585723877,
            "max": 0.10181344300508499,
            "count": 8
        },
        "DroneFly.Policy.Beta.mean": {
            "value": 1.0624535207170993e-05,
            "min": 1.0624535207170993e-05,
            "max": 1.8885863028117456e-05,
            "count": 8
        },
        "DroneFly.IsTraining.mean": {
            "value": 1.0,
            "min": 1.0,
            "max": 1.0,
            "count": 8
        }
    },
    "metadata": {
        "timer_format_version": "0.1.0",
        "start_time_seconds": "1603827633",
        "python_version": "3.8.6 (tags/v3.8.6:db45529, Sep 23 2020, 15:52:53) [MSC v.1927 64 bit (AMD64)]",
        "command_line_arguments": "D:\\Projects\\VirtualEnviroments\\UnityMLAgentsTestEnv\\Scripts\\mlagents-learn .\\DroneFly.yaml --run-id=DroneFly8 --resume",
        "mlagents_version": "0.17.0",
        "mlagents_envs_version": "0.17.0",
        "communication_protocol_version": "1.0.0",
        "tensorflow_version": "2.2.0",
        "end_time_seconds": "1603827922"
    },
    "total": 289.2072761,
    "count": 1,
    "self": 0.4034252999999808,
    "children": {
        "run_training.setup": {
            "total": 0.023986700000000027,
            "count": 1,
            "self": 0.023986700000000027
        },
        "TrainerController.start_learning": {
            "total": 288.7798641,
            "count": 1,
            "self": 11.195622100003845,
            "children": {
                "TrainerController._reset_env": {
                    "total": 20.4807255,
                    "count": 1,
                    "self": 20.4807255
                },
                "TrainerController.advance": {
                    "total": 255.7960831999961,
                    "count": 37677,
                    "self": 0.3249905999957434,
                    "children": {
                        "env_step": {
                            "total": 255.47109260000036,
                            "count": 37677,
                            "self": 235.06549569999973,
                            "children": {
                                "SubprocessEnvManager._take_step": {
                                    "total": 19.99571049999912,
                                    "count": 37677,
                                    "self": 0.8361434000009069,
                                    "children": {
                                        "NNPolicy.evaluate": {
                                            "total": 19.159567099998213,
                                            "count": 37574,
                                            "self": 19.159567099998213
                                        }
                                    }
                                },
                                "workers": {
                                    "total": 0.40988640000150056,
                                    "count": 37677,
                                    "self": 0.0,
                                    "children": {
                                        "worker_root": {
                                            "total": 265.74875340000204,
                                            "count": 37677,
                                            "is_parallel": true,
                                            "self": 66.76922160000936,
                                            "children": {
                                                "steps_from_proto": {
                                                    "total": 0.00024870000000021264,
                                                    "count": 1,
                                                    "is_parallel": true,
                                                    "self": 7.779999999968368e-05,
                                                    "children": {
                                                        "_process_vector_observation": {
                                                            "total": 0.00017090000000052896,
                                                            "count": 2,
                                                            "is_parallel": true,
                                                            "self": 0.00017090000000052896
                                                        }
                                                    }
                                                },
                                                "UnityEnvironment.step": {
                                                    "total": 198.97928309999267,
                                                    "count": 37677,
                                                    "is_parallel": true,
                                                    "self": 1.9443273999970359,
                                                    "children": {
                                                        "UnityEnvironment._generate_step_input": {
                                                            "total": 3.7513897999988934,
                                                            "count": 37677,
                                                            "is_parallel": true,
                                                            "self": 3.7513897999988934
                                                        },
                                                        "communicator.exchange": {
                                                            "total": 188.03452569999664,
                                                            "count": 37677,
                                                            "is_parallel": true,
                                                            "self": 188.03452569999664
                                                        },
                                                        "steps_from_proto": {
                                                            "total": 5.249040200000113,
                                                            "count": 37677,
                                                            "is_parallel": true,
                                                            "self": 2.266951400000451,