{
    "name": "root",
    "gauges": {
        "DroneFly.Policy.Entropy.mean": {
            "value": 1.7254043817520142,
            "min": 1.430009126663208,
            "max": 1.844634771347046,
            "count": 138
        },
        "DroneFly.Policy.ExtrinsicValueEstimate.mean": {
            "value": -0.9863713979721069,
            "min": -17.594974517822266,
            "max": 0.046616557985544205,
            "count": 138
        },
        "DroneFly.Policy.GailValueEstimate.mean": {
            "value": 1.83340585231781,
            "min": 0.4198404550552368,
            "max": 20.180706024169922,
            "count": 138
        },
        "DroneFly.Losses.PolicyLoss.mean": {
            "value": 0.25004267336242164,
            "min": 0.21203011084395787,
            "max": 0.2844114045506101,
            "count": 138
        },
        "DroneFly.Losses.ValueLoss.mean": {
            "value": 0.024556737405665288,
            "min": 0.024556737405665288,
            "max": 5985.408812070677,
            "count": 138
        },
        "DroneFly.Policy.LearningRate.mean": {
            "value": 0.00027937012437662746,
            "min": 0.00027937012437662746,
            "max": 0.000299933958022014,
            "count": 138
        },
        "DroneFly.Policy.Epsilon.mean": {
            "value": 0.1931233725,
            "min": 0.1931233725,
            "max": 0.199977986,
            "count": 138
        },
        "DroneFly.Policy.Beta.mean": {
            "value": 0.00046630452525000003,
            "min": 0.00046630452525000003,
            "max": 0.0004998921314,
            "count": 138
        },
        "DroneFly.Policy.GAILPolicyEstimate.mean": {
            "value": 0.012927752583621915,
            "min": 0.0032435667577406092,
            "max": 0.11959794151684955,
            "count": 138
        },
        "DroneFly.Policy.GAILExpertEstimate.mean": {
            "value": 0.9996991196549888,
            "min": 0.9331414578087767,
            "max": 0.9998441809098925,
            "count": 138
        },
        "DroneFly.Losses.GAILLoss.mean": {
            "value": 0.01341673040144728,
            "min": 0.004214708694863538,
            "max": 0.2408893249015395,
            "count": 138
        },
        "DroneFly.Policy.GAILGradMagLoss.mean": {
            "value": 0.011761911078234901,
            "min": 0.008625390255140315,
            "max": 1.41531860584578,
            "count": 138
        },
        "DroneFly.Environment.EpisodeLength.mean": {
            "value": 216.0909090909091,
            "min": 166.92857142857142,
            "max": 237.30434782608697,
            "count": 138
        },
        "DroneFly.Environment.CumulativeReward.mean": {
            "value": -2.0386086552525344,
            "min": -2.4819419236610765,
            "max": -1.3685778059375784,
            "count": 138
        },
        "DroneFly.Policy.ExtrinsicReward.mean": {
            "value": -2.0386086552525344,
            "min": -2.4819419236610765,
            "max": -1.3685778059375784,
            "count": 138
        },
        "DroneFly.Policy.GailReward.mean": {
            "value": 4.076767800780772,
            "min": 0.3458321089286983,
            "max": 363.14517415981544,
            "count": 138
        },
        "DroneFly.IsTraining.mean": {
            "value": 1.0,
            "min": 1.0,
            "max": 1.0,
            "count": 138
        }
    },
    "metadata": {
        "timer_format_version": "0.1.0",
        "start_time_seconds": "1612790505",
        "python_version": "3.8.7 (tags/v3.8.7:6503f05, Dec 21 2020, 17:59:51) [MSC v.1928 64 bit (AMD64)]",
        "command_line_arguments": "D:\\Machine Learning\\UnityVirtualEnvironments\\MLDroneEnv\\Scripts\\mlagents-learn .\\DroneFly.yaml --run-id=DroneDistanceTestCase76",
        "mlagents_version": "0.23.0",
        "mlagents_envs_version": "0.23.0",
        "communication_protocol_version": "1.3.0",
        "pytorch_version": "1.6.0+cu101",
        "numpy_version": "1.19.5",
        "end_time_seconds": "1612795149"
    },
    "total": 4644.5352501,
    "count": 1,
    "self": 0.01096759999927599,
    "children": {
        "run_training.setup": {
            "total": 0.021631700000000365,
            "count": 1,
            "self": 0.021631700000000365
        },
        "TrainerController.start_learning": {
            "total": 4644.5026508,
            "count": 1,
            "self": 2.44755479997184,
            "children": {
                "TrainerController._reset_env": {
                    "total": 15.7797545,
                    "count": 1,
                    "self": 15.0693506,
                    "children": {
                        "demo_to_buffer": {
                            "total": 0.7104038999999993,
                            "count": 1,
                            "self": 0.0032496999999978016,
                            "children": {
                                "load_demonstration": {
                                    "total": 0.44016519999999915,
                                    "count": 1,
                                    "self": 0.4378227000000017,
                                    "children": {
                                        "read_file": {
                                            "total": 0.0023424999999974716,
                                            "count": 1,
                                            "self": 0.0023424999999974716
                                        }
                                    }
                                },
                                "make_demo_buffer": {
                                    "total": 0.26698900000000236,
                                    "count": 1,
                                    "self": 0.030937599999994347,
                                    "children": {
                                        "steps_from_proto": {
                                            "total": 0.23605140000000802,
                                            "count": 572,
                                            "self": 0.03632550000001444,
                                            "children": {
                                                "_process_vector_observation": {
                                                    "total": 0.19972589999999357,
                                                    "count": 4576,
                                                    "self": 0.19972589999999357
                                                }
                                            }
                                        }
                                    }
                                }
                            }
                        }
                    }
                },
                "TrainerController.advance": {
                    "total": 4626.203862500028,
                    "count": 62683,
                    "self": 0.7519094000372206,
                    "children": {
                        "env_step": {
                            "total": 4625.4519530999905,
                            "count": 62683,
                            "self": 4475.5309809000955,
                            "children": {
                                "SubprocessEnvManager._take_step": {
                                    "total": 149.15620879993023,
                                    "count": 62683,
                                    "self": 4.236946599986908,
                                    "children": {
                                        "TorchPolicy.evaluate": {
                                            "total": 144.91926219994332,
                                            "count": 62683,
                                            "self": 51.373284000021584,