{
    "name": "root",
    "gauges": {
        "DroneFly.Policy.Entropy.mean": {
            "value": 1.4066420793533325,
            "min": 1.4066420793533325,
            "max": 1.420491099357605,
            "count": 31
        },
        "DroneFly.Environment.EpisodeLength.mean": {
            "value": 74.0,
            "min": 48.294117647058826,
            "max": 74.0,
            "count": 31
        },
        "DroneFly.Policy.ExtrinsicValueEstimate.mean": {
            "value": -1.0920988321304321,
            "min": -1.0920988321304321,
            "max": 0.02859494648873806,
            "count": 31
        },
        "DroneFly.Environment.CumulativeReward.mean": {
            "value": -0.9966667294502258,
            "min": -2.1659801985957836,
            "max": -0.9893333911895752,
            "count": 31
        },
        "DroneFly.Policy.ExtrinsicReward.mean": {
            "value": -0.9966667294502258,
            "min": -2.1659801985957836,
            "max": -0.9893333911895752,
            "count": 31
        },
        "DroneFly.IsTraining.mean": {
            "value": 1.0,
            "min": 1.0,
            "max": 1.0,
            "count": 31
        },
        "DroneFly.Losses.PolicyLoss.mean": {
            "value": 0.02009062489135734,
            "min": 0.016324855112316072,
            "max": 0.028142489538367954,
            "count": 18
        },
        "DroneFly.Losses.ValueLoss.mean": {
            "value": 0.0006430658334769154,
            "min": 0.0006430658334769154,
            "max": 0.5054584182798862,
            "count": 18
        },
        "DroneFly.Policy.LearningRate.mean": {
            "value": 0.00029555529148156997,
            "min": 0.00029555529148156997,
            "max": 0.00029975409008197,
            "count": 18
        },
        "DroneFly.Policy.Epsilon.mean": {
            "value": 0.19851843000000002,
            "min": 0.19851843000000002,
            "max": 0.19991803,
            "count": 18
        },
        "DroneFly.Policy.Beta.mean": {
            "value": 0.000985332457,
            "min": 0.000985332457,
            "max": 0.000999188497,
            "count": 18
        }
    },
    "metadata": {
        "timer_format_version": "0.1.0",
        "start_time_seconds": "1613181105",
        "python_version": "3.8.7 (tags/v3.8.7:6503f05, Dec 21 2020, 17:59:51) [MSC v.1928 64 bit (AMD64)]",
        "command_line_arguments": "D:\\Machine Learning\\UnityVirtualEnvironments\\MLDroneEnv\\Scripts\\mlagents-learn .\\DroneFly.yaml --run-id=DroneDistanceTestCase106",
        "mlagents_version": "0.23.0",
        "mlagents_envs_version": "0.23.0",
        "communication_protocol_version": "1.3.0",
        "pytorch_version": "1.6.0+cu101",
        "numpy_version": "1.19.5",
        "end_time_seconds": "1613184985"
    },
    "total": 3880.1459101,
    "count": 1,
    "self": 0.005217700000230252,
    "children": {
        "run_training.setup": {
            "total": 0.018578699999999948,
            "count": 1,
            "self": 0.018578699999999948
        },
        "TrainerController.start_learning": {
            "total": 3880.1221136999998,
            "count": 1,
            "self": 3.8543979999440126,
            "children": {
                "TrainerController._reset_env": {
                    "total": 9.491228,
                    "count": 1,
                    "self": 9.491228
                },
                "TrainerController.advance": {
                    "total": 3866.5827185000558,
                    "count": 161541,
                    "self": 1.7783910001185177,
                    "children": {
                        "env_step": {
                            "total": 3864.8043274999372,
                            "count": 161541,
                            "self": 3509.138799199854,
                            "children": {
                                "SubprocessEnvManager._take_step": {
                                    "total": 353.67298220010616,
                                    "count": 161541,
                                    "self": 10.090066800114414,
                                    "children": {
                                        "TorchPolicy.evaluate": {
                                            "total": 343.58291539999175,
                                            "count": 159379,
                                            "self": 153.7653973999408,
                                            "children": {
                                                "TorchPolicy.sample_actions": {
                                                    "total": 189.81751800005094,
                                                    "count": 159379,
                                                    "self": 189.81751800005094
                                                }
                                            }
                                        }
                                    }
                                },
                                "workers": {
                                    "total": 1.9925460999770923,
                                    "count": 161540,
                                    "self": 0.0,
                                    "children": {
                                        "worker_root": {
                                            "total": 3866.473324299982,
                                            "count": 161540,
                                            "is_parallel": true,
                                            "self": 523.067774200048,
                                            "children": {
                                                "steps_from_proto": {
                                                    "total": 0.000874400000000719,
                                                    "count": 1,
                                                    "is_parallel": true,
                                                    "self": 0.00011149999999915394,
                                                    "children": {
                                                        "_process_vector_observation": {
                                                            "total": 0.0007629000000015651,
                                                            "count": 8,
                                                            "is_parallel": true,
                                                            "self": 0.0007629000000015651
                                                        }
                                                    }
                                                },
                                                "UnityEnvironment.step": {
                                                    "total": 3343.4046756999337,
                                                    "count": 161540,
                                                    "is_parallel": true,
                                                    "self": 12.4033220998258,
                                                    "children": {
                                                        "UnityEnvironment._generate_step_input": {
                                                            "total": 24.844220900088125,
                                                            "count": 161540,
                                                            "is_parallel": true,
                                                            "self": 24.844220900088125
                                                        },
                                                        "communicator.exchange": {
                                                            "total": 3211.9324759000106,
                                                            "count": 161540,
                                                            "is_parallel": true,