{
    "name": "root",
    "gauges": {
        "DroneFly.Policy.Entropy.mean": {
            "value": 1.1776314973831177,
            "min": 1.1776314973831177,
            "max": 1.3627313375473022,
            "count": 42
        },
        "DroneFly.Environment.EpisodeLength.mean": {
            "value": 82.0,
            "min": 76.16923076923077,
            "max": 82.8135593220339,
            "count": 42
        },
        "DroneFly.Policy.ExtrinsicValueEstimate.mean": {
            "value": 0.7436079978942871,
            "min": 0.5330849885940552,
            "max": 0.7494760751724243,
            "count": 42
        },
        "DroneFly.Environment.CumulativeReward.mean": {
            "value": 0.9751000225543975,
            "min": 0.23810770786725557,
            "max": 0.9751000225543975,
            "count": 42
        },
        "DroneFly.Policy.ExtrinsicReward.mean": {
            "value": 0.9751000225543975,
            "min": 0.23810770786725557,
            "max": 0.9751000225543975,
            "count": 42
        },
        "DroneFly.Losses.ValueLoss.mean": {
            "value": 3.233593815821223e-06,
            "min": 3.233593815821223e-06,
            "max": 0.28988271951675415,
            "count": 42
        },
        "DroneFly.Losses.PolicyLoss.mean": {
            "value": 0.24221427738666534,
            "min": 0.23651663959026337,
            "max": 0.2560920715332031,
            "count": 42
        },
        "DroneFly.Policy.LearningRate.mean": {
            "value": 0.0002922755666077137,
            "min": 0.0002922755666077137,
            "max": 0.0002984156017191708,
            "count": 42
        },
        "DroneFly.Policy.Epsilon.mean": {
            "value": 0.19742518663406372,
            "min": 0.19742518663406372,
            "max": 0.1994718611240387,
            "count": 42
        },
        "DroneFly.Policy.Beta.mean": {
            "value": 0.0004873833677265793,
            "min": 0.0004873833677265793,
            "max": 0.0004974121111445129,
            "count": 42
        },
        "DroneFly.IsTraining.mean": {
            "value": 1.0,
            "min": 1.0,
            "max": 1.0,
            "count": 42
        }
    },
    "metadata": {
        "timer_format_version": "0.1.0",
        "start_time_seconds": "1606861223",
        "python_version": "3.8.6 (tags/v3.8.6:db45529, Sep 23 2020, 15:52:53) [MSC v.1927 64 bit (AMD64)]",
        "command_line_arguments": "D:\\Projects\\VirtualEnviroments\\UnityMLAgentsTestEnv\\Scripts\\mlagents-learn .\\DroneFly.yaml --run-id=DroneFlyAvoidTest1 --resume",
        "mlagents_version": "0.17.0",
        "mlagents_envs_version": "0.17.0",
        "communication_protocol_version": "1.0.0",
        "tensorflow_version": "2.2.0",
        "end_time_seconds": "1606863185"
    },
    "total": 1962.2305617,
    "count": 1,
    "self": 0.004681999999775144,
    "children": {
        "run_training.setup": {
            "total": 0.025720799999999766,
            "count": 1,
            "self": 0.025720799999999766
        },
        "TrainerController.start_learning": {
            "total": 1962.2001589000001,
            "count": 1,
            "self": 56.75999229998183,
            "children": {
                "TrainerController._reset_env": {
                    "total": 17.445055999999997,
                    "count": 1,
                    "self": 17.445055999999997
                },
                "TrainerController.advance": {
                    "total": 1883.9500176000183,
                    "count": 214632,
                    "self": 1.9599635999927614,
                    "children": {
                        "env_step": {
                            "total": 1881.9900540000256,
                            "count": 214632,
                            "self": 1768.4079277999986,
                            "children": {
                                "SubprocessEnvManager._take_step": {
                                    "total": 111.33650349999562,
                                    "count": 214632,
                                    "self": 4.577459500020893,
                                    "children": {
                                        "NNPolicy.evaluate": {
                                            "total": 106.75904399997472,
                                            "count": 212298,
                                            "self": 106.75904399997472
                                        }
                                    }
                                },
                                "workers": {
                                    "total": 2.2456227000314932,
                                    "count": 214631,
                                    "self": 0.0,
                                    "children": {
                                        "worker_root": {
                                            "total": 1935.1664141000317,
                                            "count": 214631,
                                            "is_parallel": true,
                                            "self": 374.5230883000529,
                                            "children": {
                                                "steps_from_proto": {
                                                    "total": 0.3575116999999999,
                                                    "count": 1,
                                                    "is_parallel": true,
                                                    "self": 0.00045960000000988543,
                                                    "children": {
                                                        "_process_vector_observation": {
                                                            "total": 0.35705209999999,
                                                            "count": 8,
                                                            "is_parallel": true,
                                                            "self": 0.35705209999999
                                                        }
                                                    }
                                                },
                                                "UnityEnvironment.step": {
                                                    "total": 1560.2858140999788,
                                                    "count": 214631,
                                                    "is_parallel": true,
                                                    "self": 12.014017199983073,
                                                    "children": {
                                                        "UnityEnvironment._generate_step_input": {
                                                            "total": 21.258745200049834,
                                                            "count": 214631,
                                                            "is_parallel": true,
                                                            "self": 21.258745200049834
                                                        },
                                                        "communicator.exchange": {
                                                            "total": 1449.8138075999598,
                                                            "count": 214631,
                                                            "is_parallel": true,
                                                            "self": 1449.8138075999598
                                                        },
                                                        "steps_from_proto": {
                                                            "total": 77.19924409998609,
                                                            "count": 214631,
                                                            "is_parallel": true,