{
    "name": "root",
    "gauges": {
        "DroneFly.Policy.Entropy.mean": {
            "value": 3.418937921524048,
            "min": 3.4189376831054688,
            "max": 3.418938398361206,
            "count": 829
        },
        "DroneFly.Environment.EpisodeLength.mean": {
            "value": 85.13513513513513,
            "min": 36.09701492537314,
            "max": 514.6428571428571,
            "count": 829
        },
        "DroneFly.Policy.ExtrinsicValueEstimate.mean": {
            "value": -0.8346657156944275,
            "min": -0.8404020667076111,
            "max": 0.22641228139400482,
            "count": 829
        },
        "DroneFly.Environment.CumulativeReward.mean": {
            "value": -0.4042162136048884,
            "min": -1.866657185128757,
            "max": -0.02072727426209233,
            "count": 829
        },
        "DroneFly.Policy.ExtrinsicReward.mean": {
            "value": -0.4042162136048884,
            "min": -1.866657185128757,
            "max": -0.02072727426209233,
            "count": 829
        },
        "DroneFly.Losses.ValueLoss.mean": {
            "value": 0.19798590242862701,
            "min": 1.3866218978364486e-05,
            "max": 15.899372100830078,
            "count": 829
        },
        "DroneFly.Losses.PolicyLoss.mean": {
            "value": 0.23944468796253204,
            "min": 0.2277902066707611,
            "max": 0.277235209941864,
            "count": 829
        },
        "DroneFly.Policy.LearningRate.mean": {
            "value": 0.00013687429600395262,
            "min": 0.00013687429600395262,
            "max": 0.0002610463125165552,
            "count": 829
        },
        "DroneFly.Policy.Epsilon.mean": {
            "value": 0.14562472701072693,
            "min": 0.14562472701072693,
            "max": 0.18701545894145966,
            "count": 829
        },
        "DroneFly.Policy.Beta.mean": {
            "value": 0.00023356120800599456,
            "min": 0.00023356120800599456,
            "max": 0.0004363756743259728,
            "count": 829
        },
        "DroneFly.IsTraining.mean": {
            "value": 1.0,
            "min": 1.0,
            "max": 1.0,
            "count": 829
        }
    },
    "metadata": {
        "timer_format_version": "0.1.0",
        "start_time_seconds": "1609729369",
        "python_version": "3.8.6 (tags/v3.8.6:db45529, Sep 23 2020, 15:52:53) [MSC v.1927 64 bit (AMD64)]",
        "command_line_arguments": "D:\\Projects\\VirtualEnviroments\\UnityMLAgentsTestEnv\\Scripts\\mlagents-learn .\\DroneFly.yaml --run-id=DroneFlySmallLandTest --resume",
        "mlagents_version": "0.17.0",
        "mlagents_envs_version": "0.17.0",
        "communication_protocol_version": "1.0.0",
        "tensorflow_version": "2.2.0",
        "end_time_seconds": "1609742877"
    },
    "total": 13507.7778298,
    "count": 1,
    "self": 0.008520999999745982,
    "children": {
        "run_training.setup": {
            "total": 0.09862690000000018,
            "count": 1,
            "self": 0.09862690000000018
        },
        "TrainerController.start_learning": {
            "total": 13507.6706819,
            "count": 1,
            "self": 178.3388011998395,
            "children": {
                "TrainerController._reset_env": {
                    "total": 36.5729962,
                    "count": 1,
                    "self": 36.5729962
                },
                "TrainerController.advance": {
                    "total": 13291.283603400158,
                    "count": 391428,
                    "self": 4.123592499818187,
                    "children": {
                        "env_step": {
                            "total": 13287.16001090034,
                            "count": 391428,
                            "self": 13014.551588600038,
                            "children": {
                                "SubprocessEnvManager._take_step": {
                                    "total": 267.86231240030514,
                                    "count": 391428,
                                    "self": 11.136565500266101,
                                    "children": {
                                        "NNPolicy.evaluate": {
                                            "total": 256.72574690003904,
                                            "count": 345378,
                                            "self": 256.72574690003904
                                        }
                                    }
                                },
                                "workers": {
                                    "total": 4.746109899996,
                                    "count": 391427,
                                    "self": 0.0,
                                    "children": {
                                        "worker_root": {
                                            "total": 13457.771029199608,
                                            "count": 391427,
                                            "is_parallel": true,
                                            "self": 1139.9489338998992,
                                            "children": {
                                                "steps_from_proto": {
                                                    "total": 0.0034692999999990093,
                                                    "count": 1,
                                                    "is_parallel": true,
                                                    "self": 0.00017849999999697275,
                                                    "children": {
                                                        "_process_vector_observation": {
                                                            "total": 0.0032908000000020365,
                                                            "count": 8,
                                                            "is_parallel": true,
                                                            "self": 0.0032908000000020365
                                                        }
                                                    }
                                                },
                                                "UnityEnvironment.step": {
                                                    "total": 12317.81862599971,
                                                    "count": 391427,
                                                    "is_parallel": true,
                                                    "self": 46.01450229951661,
                                                    "children": {
                                                        "UnityEnvironment._generate_step_input": {
                                                            "total": 129.70660649997814,
                                                            "count": 391427,
                                                            "is_parallel": true,
                                                            "self": 129.70660649997814
                                                        },
                                                        "communicator.exchange": {
                                                            "total": 11461.635455699954,
                                                            "count": 391427,
                                                            "is_parallel": true,
                                                            "self": 11461.635455699954
                                                        },
                                                        "steps_from_proto": {
                                                            "total": 680.4620615002606,
                                                            "count": 391427,
                                                            "is_parallel": true,