{
    "name": "root",
    "metadata": {
        "timer_format_version": "0.1.0",
        "start_time_seconds": "1602110451",
        "python_version": "3.8.6 (tags/v3.8.6:db45529, Sep 23 2020, 15:52:53) [MSC v.1927 64 bit (AMD64)]",
        "command_line_arguments": "D:\\Projects\\VirtualEnviroments\\UnityMLAgentsTestEnv\\Scripts\\mlagents-learn .\\DroneFly.yaml --run-id=DroneFly2 --resume",
        "mlagents_version": "0.17.0",
        "mlagents_envs_version": "0.17.0",
        "communication_protocol_version": "1.0.0",
        "tensorflow_version": "2.2.0",
        "end_time_seconds": "1602110467"
    },
    "total": 16.790533,
    "count": 1,
    "self": 0.3402889000000009,
    "children": {
        "run_training.setup": {
            "total": 0.02449369999999984,
            "count": 1,
            "self": 0.02449369999999984
        },
        "TrainerController.start_learning": {
            "total": 16.4257504,
            "count": 1,
            "self": 2.2921875999999983,
            "children": {
                "TrainerController._reset_env": {
                    "total": 12.2051111,
                    "count": 1,
                    "self": 12.2051111
                },
                "TrainerController.advance": {
                    "total": 0.04882220000000004,
                    "count": 1,
                    "self": 9.200000000930686e-06,
                    "children": {
                        "env_step": {
                            "total": 0.04881299999999911,
                            "count": 1,
                            "self": 0.012521799999998251,
                            "children": {
                                "SubprocessEnvManager._take_step": {
                                    "total": 0.036278200000001704,
                                    "count": 1,
                                    "self": 2.950000000367936e-05,
                                    "children": {
                                        "NNPolicy.evaluate": {
                                            "total": 0.036248699999998024,
                                            "count": 1,
                                            "self": 0.036248699999998024
                                        }
                                    }
                                },
                                "workers": {
                                    "total": 1.2999999999152578e-05,
                                    "count": 1,
                                    "self": 0.0,
                                    "children": {
                                        "worker_root": {
                                            "total": 1.6631298,
                                            "count": 1,
                                            "is_parallel": true,
                                            "self": 1.6517107000000006,
                                            "children": {
                                                "steps_from_proto": {
                                                    "total": 0.0004852999999993557,
                                                    "count": 1,
                                                    "is_parallel": true,
                                                    "self": 0.00016899999999964166,
                                                    "children": {
                                                        "_process_vector_observation": {
                                                            "total": 0.00031629999999971403,
                                                            "count": 2,
                                                            "is_parallel": true,
                                                            "self": 0.00031629999999971403
                                                        }
                                                    }
                                                },
                                                "UnityEnvironment.step": {
                                                    "total": 0.010933800000000105,
                                                    "count": 1,
                                                    "is_parallel": true,
                                                    "self": 5.7000000001750095e-05,
                                                    "children": {
                                                        "UnityEnvironment._generate_step_input": {
                                                            "total": 0.00012959999999928584,
                                                            "count": 1,
                                                            "is_parallel": true,
                                                            "self": 0.00012959999999928584
                                                        },
                                                        "communicator.exchange": {
                                                            "total": 0.010605099999999368,
                                                            "count": 1,
                                                            "is_parallel": true,
                                                            "self": 0.010605099999999368
                                                        },
                                                        "steps_from_proto": {
                                                            "total": 0.0001420999999997008,
                                                            "count": 1,
                                                            "is_parallel": true,
                                                            "self": 6.0100000000673504e-05,
                                                            "children": {
                                                                "_process_vector_observation": {
                                                                    "total": 8.19999999990273e-05,
                                                                    "count": 2,
                                                                    "is_parallel": true,
                                                                    "self": 8.19999999990273e-05
                                                                }
                                                            }
                                                        }
                                                    }
                                                }
                                            }
                                        }
                                    }
                                }
                            }
                        }
                    }
                },
                "trainer_threads": {
                    "total": 1.170000000172422e-05,
                    "count": 1,
                    "self": 1.170000000172422e-05,
                    "children": {
                        "thread_root": {
                            "total": 0.0,
                            "count": 0,
                            "is_parallel": true,
                            "self": 0.0,
                            "children": {
                                "trainer_advance": {
                                    "total": 0.04982869999999906,
                                    "count": 25,
                                    "is_parallel": true,
                                    "self": 0.0003646999999880052,
                                    "children": {
                                        "process_trajectory": {
                                            "total": 0.049464000000011055,
                                            "count": 25,
                                            "is_parallel": true,