{
    "name": "root",
    "gauges": {
        "DroneFly.Policy.Entropy.mean": {
            "value": 1.0829232931137085,
            "min": 1.0829232931137085,
            "max": 1.4161345958709717,
            "count": 47
        },
        "DroneFly.Environment.EpisodeLength.mean": {
            "value": 47.04807692307692,
            "min": 23.296116504854368,
            "max": 62.55696202531646,
            "count": 47
        },
        "DroneFly.Policy.ExtrinsicValueEstimate.mean": {
            "value": 0.003359279129654169,
            "min": -0.5098505616188049,
            "max": 0.028019065037369728,
            "count": 47
        },
        "DroneFly.Environment.CumulativeReward.mean": {
            "value": 0.0,
            "min": 0.0,
            "max": 0.0,
            "count": 47
        },
        "DroneFly.Policy.ExtrinsicReward.mean": {
            "value": 0.0,
            "min": 0.0,
            "max": 0.0,
            "count": 47
        },
        "DroneFly.Losses.ValueLoss.mean": {
            "value": 0.0015989983221516013,
            "min": 5.067425809102133e-05,
            "max": 2.7689931392669678,
            "count": 47
        },
        "DroneFly.Losses.PolicyLoss.mean": {
            "value": 0.24570806324481964,
            "min": 0.23112908005714417,
            "max": 0.25728079676628113,
            "count": 47
        },
        "DroneFly.Policy.LearningRate.mean": {
            "value": 0.00015152858395595104,
            "min": 0.00015152858395595104,
            "max": 0.00028933759313076735,
            "count": 47
        },
        "DroneFly.Policy.Epsilon.mean": {
            "value": 0.1505095213651657,
            "min": 0.1505095213651657,
            "max": 0.19644585251808167,
            "count": 47
        },
        "DroneFly.Policy.Beta.mean": {
            "value": 0.00025749660562723875,
            "min": 0.00025749660562723875,
            "max": 0.0004825846990570426,
            "count": 47
        },
        "DroneFly.IsTraining.mean": {
            "value": 1.0,
            "min": 1.0,
            "max": 1.0,
            "count": 47
        }
    },
    "metadata": {
        "timer_format_version": "0.1.0",
        "start_time_seconds": "1602008750",
        "python_version": "3.8.6 (tags/v3.8.6:db45529, Sep 23 2020, 15:52:53) [MSC v.1927 64 bit (AMD64)]",
        "command_line_arguments": "D:\\Projects\\VirtualEnviroments\\UnityMLAgentsTestEnv\\Scripts\\mlagents-learn .\\DroneFly.yaml --run-id=DroneFly2 --resume",
        "mlagents_version": "0.17.0",
        "mlagents_envs_version": "0.17.0",
        "communication_protocol_version": "1.0.0",
        "tensorflow_version": "2.2.0",
        "end_time_seconds": "1602010973"
    },
    "total": 2223.5158744,
    "count": 1,
    "self": 0.009393800000452757,
    "children": {
        "run_training.setup": {
            "total": 0.025642799999999966,
            "count": 1,
            "self": 0.025642799999999966
        },
        "TrainerController.start_learning": {
            "total": 2223.4808378,
            "count": 1,
            "self": 61.75428770003737,
            "children": {
                "TrainerController._reset_env": {
                    "total": 43.7652979,
                    "count": 1,
                    "self": 43.7652979
                },
                "TrainerController.advance": {
                    "total": 2116.5730901999623,
                    "count": 242348,
                    "self": 2.12306299997681,
                    "children": {
                        "env_step": {
                            "total": 2114.4500271999855,
                            "count": 242348,
                            "self": 1992.4267348000105,
                            "children": {
                                "SubprocessEnvManager._take_step": {
                                    "total": 119.43041509997775,
                                    "count": 242348,
                                    "self": 5.2692209999685815,
                                    "children": {
                                        "NNPolicy.evaluate": {
                                            "total": 114.16119410000917,
                                            "count": 238241,
                                            "self": 114.16119410000917
                                        }
                                    }
                                },
                                "workers": {
                                    "total": 2.5928772999972196,
                                    "count": 242347,
                                    "self": 0.0,
                                    "children": {
                                        "worker_root": {
                                            "total": 2172.5221219999003,
                                            "count": 242347,
                                            "is_parallel": true,
                                            "self": 408.28657089984813,
                                            "children": {
                                                "steps_from_proto": {
                                                    "total": 0.00034790000000128884,
                                                    "count": 1,
                                                    "is_parallel": true,
                                                    "self": 9.070000000122036e-05,
                                                    "children": {
                                                        "_process_vector_observation": {
                                                            "total": 0.0002572000000000685,
                                                            "count": 2,
                                                            "is_parallel": true,
                                                            "self": 0.0002572000000000685
                                                        }
                                                    }
                                                },
                                                "UnityEnvironment.step": {
                                                    "total": 1764.2352032000522,
                                                    "count": 242347,
                                                    "is_parallel": true,
                                                    "self": 12.419985600084374,
                                                    "children": {
                                                        "UnityEnvironment._generate_step_input": {
                                                            "total": 23.237695299988005,
                                                            "count": 242347,
                                                            "is_parallel": true,
                                                            "self": 23.237695299988005
                                                        },
                                                        "communicator.exchange": {
                                                            "total": 1695.9340762000197,
                                                            "count": 242347,
                                                            "is_parallel": true,
                                                            "self": 1695.9340762000197
                                                        },
                                                        "steps_from_proto": {
                                                            "total": 32.643446099960144,
                                                            "count": 242347,
                                                            "is_parallel": true,
                                                            "self": 14.204148299924483,