{
    "name": "root",
    "metadata": {
        "timer_format_version": "0.1.0",
        "start_time_seconds": "1603320984",
        "python_version": "3.8.6 (tags/v3.8.6:db45529, Sep 23 2020, 15:52:53) [MSC v.1927 64 bit (AMD64)]",
        "command_line_arguments": "D:\\Projects\\VirtualEnviroments\\UnityMLAgentsTestEnv\\Scripts\\mlagents-learn .\\DroneFly.yaml --run-id=DroneFly4 --resume",
        "mlagents_version": "0.17.0",
        "mlagents_envs_version": "0.17.0",
        "communication_protocol_version": "1.0.0",
        "tensorflow_version": "2.2.0",
        "end_time_seconds": "1603321003"
    },
    "total": 19.9308868,
    "count": 1,
    "self": 0.00446240000000131,
    "children": {
        "run_training.setup": {
            "total": 0.022992299999999855,
            "count": 1,
            "self": 0.022992299999999855
        },
        "TrainerController.start_learning": {
            "total": 19.9034321,
            "count": 1,
            "self": 1.98639459999999,
            "children": {
                "TrainerController._reset_env": {
                    "total": 12.8474658,
                    "count": 1,
                    "self": 12.8474658
                },
                "TrainerController.advance": {
                    "total": 3.6785992000000114,
                    "count": 258,
                    "self": 0.0022361999999844784,
                    "children": {
                        "env_step": {
                            "total": 3.676363000000027,
                            "count": 258,
                            "self": 3.4491855000000022,
                            "children": {
                                "SubprocessEnvManager._take_step": {
                                    "total": 0.22446880000000746,
                                    "count": 258,
                                    "self": 0.006047899999991557,
                                    "children": {
                                        "NNPolicy.evaluate": {
                                            "total": 0.2184209000000159,
                                            "count": 215,
                                            "self": 0.2184209000000159
                                        }
                                    }
                                },
                                "workers": {
                                    "total": 0.0027087000000172168,
                                    "count": 257,
                                    "self": 0.0,
                                    "children": {
                                        "worker_root": {
                                            "total": 5.174514899999979,
                                            "count": 257,
                                            "is_parallel": true,
                                            "self": 1.9978843999999754,
                                            "children": {
                                                "steps_from_proto": {
                                                    "total": 0.00036509999999978504,
                                                    "count": 1,
                                                    "is_parallel": true,
                                                    "self": 9.599999999920783e-05,
                                                    "children": {
                                                        "_process_vector_observation": {
                                                            "total": 0.0002691000000005772,
                                                            "count": 2,
                                                            "is_parallel": true,
                                                            "self": 0.0002691000000005772
                                                        }
                                                    }
                                                },
                                                "UnityEnvironment.step": {
                                                    "total": 3.1762654000000037,
                                                    "count": 257,
                                                    "is_parallel": true,
                                                    "self": 0.015896399999988375,
                                                    "children": {
                                                        "UnityEnvironment._generate_step_input": {
                                                            "total": 0.05548709999997392,
                                                            "count": 257,
                                                            "is_parallel": true,
                                                            "self": 0.05548709999997392
                                                        },
                                                        "communicator.exchange": {
                                                            "total": 3.0549428000000223,
                                                            "count": 257,
                                                            "is_parallel": true,
                                                            "self": 3.0549428000000223
                                                        },
                                                        "steps_from_proto": {
                                                            "total": 0.04993910000001911,
                                                            "count": 257,
                                                            "is_parallel": true,
                                                            "self": 0.017662900000040338,
                                                            "children": {
                                                                "_process_vector_observation": {
                                                                    "total": 0.03227619999997877,
                                                                    "count": 514,
                                                                    "is_parallel": true,
                                                                    "self": 0.03227619999997877
                                                                }
                                                            }
                                                        }
                                                    }
                                                }
                                            }
                                        }
                                    }
                                }
                            }
                        }
                    }
                },
                "trainer_threads": {
                    "total": 1.7299999999664806e-05,
                    "count": 1,
                    "self": 1.7299999999664806e-05,
                    "children": {
                        "thread_root": {
                            "total": 0.0,
                            "count": 0,
                            "is_parallel": true,
                            "self": 0.0,
                            "children": {
                                "trainer_advance": {
                                    "total": 3.7399100999999426,
                                    "count": 1474,
                                    "is_parallel": true,
                                    "self": 0.02781480000011527,
                                    "children": {
                                        "process_trajectory": {
                                            "total": 2.959219699999828,
                                            "count": 1474,
                                            "is_parallel": true,