{
    "name": "root",
    "gauges": {
        "DroneFly.Policy.Entropy.mean": {
            "value": 3.418938159942627,
            "min": 1.7462654113769531,
            "max": 3.418938398361206,
            "count": 198
        },
        "DroneFly.Environment.EpisodeLength.mean": {
            "value": 19.597510373443985,
            "min": 17.702290076335878,
            "max": 22.772,
            "count": 198
        },
        "DroneFly.Policy.ExtrinsicValueEstimate.mean": {
            "value": 0.049690328538417816,
            "min": -1.838356852531433,
            "max": 0.33585870265960693,
            "count": 198
        },
        "DroneFly.Environment.CumulativeReward.mean": {
            "value": 0.0704508196547261,
            "min": 0.00038910504966858294,
            "max": 0.0704508196547261,
            "count": 198
        },
        "DroneFly.Policy.ExtrinsicReward.mean": {
            "value": 0.0704508196547261,
            "min": 0.00038910504966858294,
            "max": 0.0704508196547261,
            "count": 198
        },
        "DroneFly.Losses.ValueLoss.mean": {
            "value": 0.05057192221283913,
            "min": 0.0007259063422679901,
            "max": 59.70592498779297,
            "count": 198
        },
        "DroneFly.Losses.PolicyLoss.mean": {
            "value": 0.24458105862140656,
            "min": 0.23175126314163208,
            "max": 0.30256929993629456,
            "count": 198
        },
        "DroneFly.Policy.LearningRate.mean": {
            "value": 7.686853496124968e-05,
            "min": 7.686853496124968e-05,
            "max": 0.00022461512708105147,
            "count": 198
        },
        "DroneFly.Policy.Epsilon.mean": {
            "value": 0.12562280893325806,
            "min": 0.12562280893325806,
            "max": 0.17487169802188873,
            "count": 198
        },
        "DroneFly.Policy.Beta.mean": {
            "value": 0.00013555180339608341,
            "min": 0.00013555180339608341,
            "max": 0.0003768713213503361,
            "count": 198
        },
        "DroneFly.IsTraining.mean": {
            "value": 1.0,
            "min": 1.0,
            "max": 1.0,
            "count": 198
        }
    },
    "metadata": {
        "timer_format_version": "0.1.0",
        "start_time_seconds": "1603830582",
        "python_version": "3.8.6 (tags/v3.8.6:db45529, Sep 23 2020, 15:52:53) [MSC v.1927 64 bit (AMD64)]",
        "command_line_arguments": "D:\\Projects\\VirtualEnviroments\\UnityMLAgentsTestEnv\\Scripts\\mlagents-learn .\\DroneFly.yaml --run-id=DroneFly4 --resume",
        "mlagents_version": "0.17.0",
        "mlagents_envs_version": "0.17.0",
        "communication_protocol_version": "1.0.0",
        "tensorflow_version": "2.2.0",
        "end_time_seconds": "1603831652"
    },
    "total": 1070.6640522999999,
    "count": 1,
    "self": 0.004783799999813709,
    "children": {
        "run_training.setup": {
            "total": 0.02419030000000033,
            "count": 1,
            "self": 0.02419030000000033
        },
        "TrainerController.start_learning": {
            "total": 1070.6350782,
            "count": 1,
            "self": 58.087985599976946,
            "children": {
                "TrainerController._reset_env": {
                    "total": 13.378477199999999,
                    "count": 1,
                    "self": 13.378477199999999
                },
                "TrainerController.advance": {
                    "total": 997.8440269000231,
                    "count": 93087,
                    "self": 0.9137613000145848,
                    "children": {
                        "env_step": {
                            "total": 996.9302656000085,
                            "count": 93087,
                            "self": 933.2640267000369,
                            "children": {
                                "SubprocessEnvManager._take_step": {
                                    "total": 62.52650519998489,
                                    "count": 93087,
                                    "self": 2.7128425999943175,
                                    "children": {
                                        "NNPolicy.evaluate": {
                                            "total": 59.81366259999057,
                                            "count": 82737,
                                            "self": 59.81366259999057
                                        }
                                    }
                                },
                                "workers": {
                                    "total": 1.1397336999867065,
                                    "count": 93086,
                                    "self": 0.0,
                                    "children": {
                                        "worker_root": {
                                            "total": 1053.1305855999933,
                                            "count": 93086,
                                            "is_parallel": true,
                                            "self": 303.3147098999848,
                                            "children": {
                                                "steps_from_proto": {
                                                    "total": 0.0004123000000006982,
                                                    "count": 1,
                                                    "is_parallel": true,
                                                    "self": 0.0001040999999997183,
                                                    "children": {
                                                        "_process_vector_observation": {
                                                            "total": 0.0003082000000009799,
                                                            "count": 2,
                                                            "is_parallel": true,
                                                            "self": 0.0003082000000009799
                                                        }
                                                    }
                                                },
                                                "UnityEnvironment.step": {
                                                    "total": 749.8154634000085,
                                                    "count": 93086,
                                                    "is_parallel": true,
                                                    "self": 6.342266200021186,
                                                    "children": {
                                                        "UnityEnvironment._generate_step_input": {
                                                            "total": 30.426105499983954,
                                                            "count": 93086,
                                                            "is_parallel": true,
                                                            "self": 30.426105499983954
                                                        },
                                                        "communicator.exchange": {
                                                            "total": 691.3864463000001,
                                                            "count": 93086,
                                                            "is_parallel": true,
                                                            "self": 691.3864463000001
                                                        },
                                                        "steps_from_proto": {
                                                            "total": 21.66064540000336,
                                                            "count": 93086,
                                                            "is_parallel": true,