{
    "name": "root",
    "gauges": {
        "DroneFly.Policy.Entropy.mean": {
            "value": 3.418938398361206,
            "min": 3.4189376831054688,
            "max": 3.418938398361206,
            "count": 63
        },
        "DroneFly.Environment.EpisodeLength.mean": {
            "value": 19.355371900826448,
            "min": 18.405857740585773,
            "max": 47.132075471698116,
            "count": 63
        },
        "DroneFly.Policy.ExtrinsicValueEstimate.mean": {
            "value": 0.04345910996198654,
            "min": -0.1206682100892067,
            "max": 1.751773476600647,
            "count": 63
        },
        "DroneFly.Environment.CumulativeReward.mean": {
            "value": 0.05004115224865729,
            "min": 0.004615384602715612,
            "max": 0.16769230766938284,
            "count": 63
        },
        "DroneFly.Policy.ExtrinsicReward.mean": {
            "value": 0.05004115224865729,
            "min": 0.004615384602715612,
            "max": 0.16769230766938284,
            "count": 63
        },
        "DroneFly.Losses.ValueLoss.mean": {
            "value": 0.02151835523545742,
            "min": 0.004289417527616024,
            "max": 73.8631820678711,
            "count": 63
        },
        "DroneFly.Losses.PolicyLoss.mean": {
            "value": 0.2612486183643341,
            "min": 0.24149757623672485,
            "max": 0.2999099791049957,
            "count": 63
        },
        "DroneFly.Policy.LearningRate.mean": {
            "value": 0.0001918507769005373,
            "min": 0.0001918507769005373,
            "max": 0.00021036221005488187,
            "count": 63
        },
        "DroneFly.Policy.Epsilon.mean": {
            "value": 0.16395024955272675,
            "min": 0.16395024955272675,
            "max": 0.1701207309961319,
            "count": 63
        },
        "DroneFly.Policy.Beta.mean": {
            "value": 0.0003233561583328992,
            "min": 0.0003233561583328992,
            "max": 0.0003535915748216212,
            "count": 63
        },
        "DroneFly.IsTraining.mean": {
            "value": 1.0,
            "min": 1.0,
            "max": 1.0,
            "count": 63
        }
    },
    "metadata": {
        "timer_format_version": "0.1.0",
        "start_time_seconds": "1603836611",
        "python_version": "3.8.6 (tags/v3.8.6:db45529, Sep 23 2020, 15:52:53) [MSC v.1927 64 bit (AMD64)]",
        "command_line_arguments": "D:\\Projects\\VirtualEnviroments\\UnityMLAgentsTestEnv\\Scripts\\mlagents-learn .\\DroneFly.yaml --run-id=DroneFly4 --resume",
        "mlagents_version": "0.17.0",
        "mlagents_envs_version": "0.17.0",
        "communication_protocol_version": "1.0.0",
        "tensorflow_version": "2.2.0",
        "end_time_seconds": "1603837003"
    },
    "total": 391.9592776,
    "count": 1,
    "self": 0.008131800000001022,
    "children": {
        "run_training.setup": {
            "total": 0.08676539999999999,
            "count": 1,
            "self": 0.08676539999999999
        },
        "TrainerController.start_learning": {
            "total": 391.8643804,
            "count": 1,
            "self": 22.89214360000267,
            "children": {
                "TrainerController._reset_env": {
                    "total": 11.7138539,
                    "count": 1,
                    "self": 11.7138539
                },
                "TrainerController.advance": {
                    "total": 355.96438719999736,
                    "count": 32092,
                    "self": 0.3462308999947936,
                    "children": {
                        "env_step": {
                            "total": 355.61815630000257,
                            "count": 32092,
                            "self": 334.5809437000033,
                            "children": {
                                "SubprocessEnvManager._take_step": {
                                    "total": 20.63854460000081,
                                    "count": 32092,
                                    "self": 0.8985464999987904,
                                    "children": {
                                        "NNPolicy.evaluate": {
                                            "total": 19.73999810000202,
                                            "count": 26088,
                                            "self": 19.73999810000202
                                        }
                                    }
                                },
                                "workers": {
                                    "total": 0.39866799999850144,
                                    "count": 32091,
                                    "self": 0.0,
                                    "children": {
                                        "worker_root": {
                                            "total": 377.48990659999725,
                                            "count": 32091,
                                            "is_parallel": true,
                                            "self": 107.04348599999759,
                                            "children": {
                                                "steps_from_proto": {
                                                    "total": 0.00045109999999937145,
                                                    "count": 1,
                                                    "is_parallel": true,
                                                    "self": 0.00011570000000027392,
                                                    "children": {
                                                        "_process_vector_observation": {
                                                            "total": 0.00033539999999909753,
                                                            "count": 2,
                                                            "is_parallel": true,
                                                            "self": 0.00033539999999909753
                                                        }
                                                    }
                                                },
                                                "UnityEnvironment.step": {
                                                    "total": 270.44596949999965,
                                                    "count": 32091,
                                                    "is_parallel": true,
                                                    "self": 2.3694206999983294,
                                                    "children": {
                                                        "UnityEnvironment._generate_step_input": {
                                                            "total": 9.811319000002028,
                                                            "count": 32091,
                                                            "is_parallel": true,
                                                            "self": 9.811319000002028
                                                        },
                                                        "communicator.exchange": {
                                                            "total": 250.8971989999984,
                                                            "count": 32091,
                                                            "is_parallel": true,
                                                            "self": 250.8971989999984
                                                        },
                                                        "steps_from_proto": {
                                                            "total": 7.368030800000874,
                                                            "count": 32091,
                                                            "is_parallel": true,