{"count":1,"self":60.218995199999995,"total":708.9446299,"children":{"AgentInfo.ToProto":{"count":2410,"self":0.0408971,"total":0.6708429,"children":{"GenerateSensorData":{"count":2410,"self":0.10574059999999999,"total":0.6299458,"children":{"RayPerceptionSensor.Perceive":{"count":7230,"self":0.52420519999999993,"total":0.52420519999999993,"children":null}}}}},"AgentSendState":{"count":90717,"self":3.6997776,"total":38.8390899,"children":{"CollectObservations":{"count":203328,"self":0.6468155,"total":0.6468155,"children":null},"CollectDiscreteActionMasks":{"count":203328,"self":0.27622949999999996,"total":0.27622949999999996,"children":null},"AgentInfo.ToProto":{"count":203328,"self":0.99533589999999994,"total":34.216267099999996,"children":{"GenerateSensorData":{"count":203328,"self":6.6528296,"total":33.220931199999995,"children":{"RayPerceptionSensor.Perceive":{"count":609984,"self":26.568102399999997,"total":26.5681016,"children":null}}}}}}},"DecideAction":{"count":90717,"self":607.4358272,"total":607.43580279999992,"children":null},"AgentAct":{"count":90717,"self":1.5265971,"total":1.7779032,"children":{"AgentInfo.ToProto":{"count":1140,"self":0.0089827,"total":0.2513061,"children":{"GenerateSensorData":{"count":1140,"self":0.0418896,"total":0.2423234,"children":{"RayPerceptionSensor.Perceive":{"count":3420,"self":0.2004338,"total":0.2004338,"children":null}}}}}}}},"gauges":{"DroneFly.CumulativeReward":{"count":3538,"max":4.378385,"min":-3.20758128,"runningAverage":-0.988083065,"value":-1.21388888,"weightedAverage":-2.15778}},"metadata":{"timer_format_version":"0.1.0","start_time_seconds":"1609946128","unity_version":"2019.4.1f1","command_line_arguments":"D:\\Program Files\\2019.4.1f1\\Editor\\Unity.exe -projectpath D:\/Projects\/Unity\/DroneML -useHub -hubIPC -cloudEnvironment production -hubSessionId 75318a10-4d52-11eb-b640-2be3766aa802","communication_protocol_version":"1.0.0","com.unity.ml-agents_version":"1.0.4","scene_name":"DroneTestScene","end_time_seconds":"1609946837"}}