{"count":1,"self":7080.8911872,"total":19117.1076236,"children":{"AgentInfo.ToProto":{"count":85479,"self":0.7457785,"total":17.5198359,"children":{"GenerateSensorData":{"count":85479,"self":3.608646,"total":16.7740574,"children":{"RayPerceptionSensor.Perceive":{"count":256437,"self":13.1654112,"total":13.165411299999999,"children":null}}}}},"AgentSendState":{"count":1537534,"self":63.037094399999994,"total":651.8177412,"children":{"CollectObservations":{"count":3675324,"self":10.9177696,"total":10.9177697,"children":null},"CollectDiscreteActionMasks":{"count":3675324,"self":4.5742344,"total":4.5742341999999994,"children":null},"AgentInfo.ToProto":{"count":3675324,"self":16.9186528,"total":573.28864349999992,"children":{"GenerateSensorData":{"count":3675324,"self":122.8933376,"total":556.3699912,"children":{"RayPerceptionSensor.Perceive":{"count":11025972,"self":433.4766592,"total":433.47665639999997,"children":null}}}}}}},"DecideAction":{"count":1537534,"self":11363.164979199999,"total":11363.1651597,"children":null},"AgentAct":{"count":1537534,"self":3.7126052,"total":3.7126053,"children":null}},"gauges":{"DroneFly.CumulativeReward":{"count":85467,"max":4.468,"min":-8.312,"runningAverage":-2.46004963,"value":-2.01,"weightedAverage":-2.01015234}},"metadata":{"timer_format_version":"0.1.0","start_time_seconds":"1610045332","unity_version":"2019.4.1f1","command_line_arguments":"D:\\Program Files\\2019.4.1f1\\Editor\\Unity.exe -projectpath D:\/Projects\/Unity\/DroneML -useHub -hubIPC -cloudEnvironment production -hubSessionId 8d30b1e0-5095-11eb-8fc7-fb81559e2c3d","communication_protocol_version":"1.0.0","com.unity.ml-agents_version":"1.0.4","scene_name":"DroneTestScene","end_time_seconds":"1610064449"}}