{
    "name": "root",
    "gauges": {
        "DroneFly.Policy.Entropy.mean": {
            "value": 1.4102157354354858,
            "min": 1.4102157354354858,
            "max": 1.4194682836532593,
            "count": 26
        },
        "DroneFly.Environment.EpisodeLength.mean": {
            "value": 99.0,
            "min": 49.83838383838384,
            "max": 99.0,
            "count": 26
        },
        "DroneFly.Policy.ExtrinsicValueEstimate.mean": {
            "value": -0.7580850124359131,
            "min": -0.8015864491462708,
            "max": 0.01878741942346096,
            "count": 26
        },
        "DroneFly.Environment.CumulativeReward.mean": {
            "value": -0.9914999604225159,
            "min": -2.2091604809702177,
            "max": -0.9914999604225159,
            "count": 26
        },
        "DroneFly.Policy.ExtrinsicReward.mean": {
            "value": -0.9914999604225159,
            "min": -2.2091604809702177,
            "max": -0.9914999604225159,
            "count": 26
        },
        "DroneFly.IsTraining.mean": {
            "value": 1.0,
            "min": 1.0,
            "max": 1.0,
            "count": 26
        },
        "DroneFly.Losses.PolicyLoss.mean": {
            "value": 0.02185147001243119,
            "min": 0.015657278321062524,
            "max": 0.027311356772164192,
            "count": 15
        },
        "DroneFly.Losses.ValueLoss.mean": {
            "value": 0.0008655311891440457,
            "min": 0.0008461165525659453,
            "max": 0.5445550568401814,
            "count": 15
        },
        "DroneFly.Policy.LearningRate.mean": {
            "value": 0.00029629851123382997,
            "min": 0.00029629851123382997,
            "max": 0.00029975253008248997,
            "count": 15
        },
        "DroneFly.Policy.Epsilon.mean": {
            "value": 0.19876617,
            "min": 0.19876617,
            "max": 0.19991751000000002,
            "count": 15
        },
        "DroneFly.Policy.Beta.mean": {
            "value": 0.000987785083,
            "min": 0.000987785083,
            "max": 0.000999183349,
            "count": 15
        }
    },
    "metadata": {
        "timer_format_version": "0.1.0",
        "start_time_seconds": "1613177745",
        "python_version": "3.8.7 (tags/v3.8.7:6503f05, Dec 21 2020, 17:59:51) [MSC v.1928 64 bit (AMD64)]",
        "command_line_arguments": "D:\\Machine Learning\\UnityVirtualEnvironments\\MLDroneEnv\\Scripts\\mlagents-learn .\\DroneFly.yaml --run-id=DroneDistanceTestCase105",
        "mlagents_version": "0.23.0",
        "mlagents_envs_version": "0.23.0",
        "communication_protocol_version": "1.3.0",
        "pytorch_version": "1.6.0+cu101",
        "numpy_version": "1.19.5",
        "end_time_seconds": "1613180497"
    },
    "total": 2751.9339052,
    "count": 1,
    "self": 0.010148100000151317,
    "children": {
        "run_training.setup": {
            "total": 0.018577900000000036,
            "count": 1,
            "self": 0.018577900000000036
        },
        "TrainerController.start_learning": {
            "total": 2751.9051792,
            "count": 1,
            "self": 3.352650700027425,
            "children": {
                "TrainerController._reset_env": {
                    "total": 9.4915526,
                    "count": 1,
                    "self": 9.4915526
                },
                "TrainerController.advance": {
                    "total": 2738.866978699973,
                    "count": 133971,
                    "self": 1.6234686999473524,
                    "children": {
                        "env_step": {
                            "total": 2737.2435100000257,
                            "count": 133971,
                            "self": 2442.3274534999455,
                            "children": {
                                "SubprocessEnvManager._take_step": {
                                    "total": 293.2444469000656,
                                    "count": 133971,
                                    "self": 8.612718800103949,
                                    "children": {
                                        "TorchPolicy.evaluate": {
                                            "total": 284.63172809996166,
                                            "count": 132480,
                                            "self": 133.49851209995484,
                                            "children": {
                                                "TorchPolicy.sample_actions": {
                                                    "total": 151.13321600000683,
                                                    "count": 132480,
                                                    "self": 151.13321600000683
                                                }
                                            }
                                        }
                                    }
                                },
                                "workers": {
                                    "total": 1.671609600014781,
                                    "count": 133970,
                                    "self": 0.0,
                                    "children": {
                                        "worker_root": {
                                            "total": 2739.22963349997,
                                            "count": 133970,
                                            "is_parallel": true,
                                            "self": 437.29630069996665,
                                            "children": {
                                                "steps_from_proto": {
                                                    "total": 0.0009346000000007848,
                                                    "count": 1,
                                                    "is_parallel": true,
                                                    "self": 0.00011350000000120986,
                                                    "children": {
                                                        "_process_vector_observation": {
                                                            "total": 0.000821099999999575,
                                                            "count": 8,
                                                            "is_parallel": true,
                                                            "self": 0.000821099999999575
                                                        }
                                                    }
                                                },
                                                "UnityEnvironment.step": {
                                                    "total": 2301.9323982000033,
                                                    "count": 133970,
                                                    "is_parallel": true,
                                                    "self": 10.49712739993629,
                                                    "children": {
                                                        "UnityEnvironment._generate_step_input": {
                                                            "total": 20.698996800036756,
                                                            "count": 133970,
                                                            "is_parallel": true,
                                                            "self": 20.698996800036756
                                                        },
                                                        "communicator.exchange": {
                                                            "total": 2189.3907422000443,
                                                            "count": 133970,
                                                            "is_parallel": true,