{
    "name": "root",
    "gauges": {
        "DroneFly.Policy.Entropy.mean": {
            "value": 0.8233784437179565,
            "min": 0.8233784437179565,
            "max": 1.423126459121704,
            "count": 71
        },
        "DroneFly.Environment.EpisodeLength.mean": {
            "value": 4115.666666666667,
            "min": 62.58441558441559,
            "max": 42028.0,
            "count": 40
        },
        "DroneFly.Policy.ExtrinsicValueEstimate.mean": {
            "value": -0.03853035718202591,
            "min": -1.146559715270996,
            "max": 0.5879043936729431,
            "count": 71
        },
        "DroneFly.Environment.CumulativeReward.mean": {
            "value": -2.5683333476384482,
            "min": -12.608000755310059,
            "max": 0.3647457573373439,
            "count": 40
        },
        "DroneFly.Policy.ExtrinsicReward.mean": {
            "value": -2.5683333476384482,
            "min": -12.608000755310059,
            "max": 0.3647457573373439,
            "count": 40
        },
        "DroneFly.Losses.ValueLoss.mean": {
            "value": 0.13304856419563293,
            "min": 1.1717977344005703e-07,
            "max": 0.7860242128372192,
            "count": 71
        },
        "DroneFly.Losses.PolicyLoss.mean": {
            "value": 0.2427390217781067,
            "min": 0.23510603606700897,
            "max": 0.2598147392272949,
            "count": 71
        },
        "DroneFly.Policy.LearningRate.mean": {
            "value": 0.00028942638891749084,
            "min": 0.00028942638891749084,
            "max": 0.0002999226562678814,
            "count": 71
        },
        "DroneFly.Policy.Epsilon.mean": {
            "value": 0.19647546112537384,
            "min": 0.19647546112537384,
            "max": 0.1999742090702057,
            "count": 71
        },
        "DroneFly.Policy.Beta.mean": {
            "value": 0.00048272975254803896,
            "min": 0.00048272975254803896,
            "max": 0.0004998737131245434,
            "count": 71
        },
        "DroneFly.IsTraining.mean": {
            "value": 1.0,
            "min": 1.0,
            "max": 1.0,
            "count": 71
        }
    },
    "metadata": {
        "timer_format_version": "0.1.0",
        "start_time_seconds": "1606863224",
        "python_version": "3.8.6 (tags/v3.8.6:db45529, Sep 23 2020, 15:52:53) [MSC v.1927 64 bit (AMD64)]",
        "command_line_arguments": "D:\\Projects\\VirtualEnviroments\\UnityMLAgentsTestEnv\\Scripts\\mlagents-learn .\\DroneFly.yaml --run-id=DroneFlyAvoidTest2",
        "mlagents_version": "0.17.0",
        "mlagents_envs_version": "0.17.0",
        "communication_protocol_version": "1.0.0",
        "tensorflow_version": "2.2.0",
        "end_time_seconds": "1606867364"
    },
    "total": 4139.9604613,
    "count": 1,
    "self": 0.009156599999187165,
    "children": {
        "run_training.setup": {
            "total": 0.024960800000000116,
            "count": 1,
            "self": 0.024960800000000116
        },
        "TrainerController.start_learning": {
            "total": 4139.926343900001,
            "count": 1,
            "self": 89.1617691000447,
            "children": {
                "TrainerController._reset_env": {
                    "total": 15.797223600000002,
                    "count": 1,
                    "self": 15.797223600000002
                },
                "TrainerController.advance": {
                    "total": 4033.324422899955,
                    "count": 356383,
                    "self": 3.161656200098605,
                    "children": {
                        "env_step": {
                            "total": 4030.1627666998565,
                            "count": 356383,
                            "self": 3835.59774239992,
                            "children": {
                                "SubprocessEnvManager._take_step": {
                                    "total": 190.78321749983348,
                                    "count": 356383,
                                    "self": 8.149631199839945,
                                    "children": {
                                        "NNPolicy.evaluate": {
                                            "total": 182.63358629999354,
                                            "count": 355834,
                                            "self": 182.63358629999354
                                        }
                                    }
                                },
                                "workers": {
                                    "total": 3.781806800102899,
                                    "count": 356382,
                                    "self": 0.0,
                                    "children": {
                                        "worker_root": {
                                            "total": 4113.566856600019,
                                            "count": 356382,
                                            "is_parallel": true,
                                            "self": 621.8838968999753,
                                            "children": {
                                                "steps_from_proto": {
                                                    "total": 0.0007657000000005354,
                                                    "count": 1,
                                                    "is_parallel": true,
                                                    "self": 0.00015400000000198588,
                                                    "children": {
                                                        "_process_vector_observation": {
                                                            "total": 0.0006116999999985495,
                                                            "count": 8,
                                                            "is_parallel": true,
                                                            "self": 0.0006116999999985495
                                                        }
                                                    }
                                                },
                                                "UnityEnvironment.step": {
                                                    "total": 3491.682194000043,
                                                    "count": 356382,
                                                    "is_parallel": true,
                                                    "self": 20.26982910018569,
                                                    "children": {
                                                        "UnityEnvironment._generate_step_input": {
                                                            "total": 36.08038239993961,
                                                            "count": 356382,
                                                            "is_parallel": true,
                                                            "self": 36.08038239993961
                                                        },
                                                        "communicator.exchange": {
                                                            "total": 3305.4996687999287,
                                                            "count": 356382,
                                                            "is_parallel": true,
                                                            "self": 3305.4996687999287
                                                        },
                                                        "steps_from_proto": {
                                                            "total": 129.83231369998921,
                                                            "count": 356382,
                                                            "is_parallel": true,