{
    "name": "root",
    "metadata": {
        "timer_format_version": "0.1.0",
        "start_time_seconds": "1613352419",
        "python_version": "3.8.7 (tags/v3.8.7:6503f05, Dec 21 2020, 17:59:51) [MSC v.1928 64 bit (AMD64)]",
        "command_line_arguments": "D:\\Machine Learning\\UnityVirtualEnvironments\\MLDroneEnv\\Scripts\\mlagents-learn .\\DroneFly.yaml --run-id=DroneDistanceTestCase177",
        "mlagents_version": "0.23.0",
        "mlagents_envs_version": "0.23.0",
        "communication_protocol_version": "1.3.0",
        "pytorch_version": "1.6.0+cu101",
        "numpy_version": "1.19.5",
        "end_time_seconds": "1613352476"
    },
    "total": 57.4580396,
    "count": 1,
    "self": 0.00515249999999412,
    "children": {
        "run_training.setup": {
            "total": 0.020136199999999937,
            "count": 1,
            "self": 0.020136199999999937
        },
        "TrainerController.start_learning": {
            "total": 57.4327509,
            "count": 1,
            "self": 0.09449020000005959,
            "children": {
                "TrainerController._reset_env": {
                    "total": 9.2033423,
                    "count": 1,
                    "self": 9.2033423
                },
                "TrainerController.advance": {
                    "total": 48.01022159999994,
                    "count": 4116,
                    "self": 0.045598099999757835,
                    "children": {
                        "env_step": {
                            "total": 47.96462350000018,
                            "count": 4116,
                            "self": 39.14198159999998,
                            "children": {
                                "SubprocessEnvManager._take_step": {
                                    "total": 8.779426899999903,
                                    "count": 4116,
                                    "self": 0.2270527000000353,
                                    "children": {
                                        "TorchPolicy.evaluate": {
                                            "total": 8.552374199999868,
                                            "count": 4097,
                                            "self": 3.9909506000001116,
                                            "children": {
                                                "TorchPolicy.sample_actions": {
                                                    "total": 4.561423599999756,
                                                    "count": 4097,
                                                    "self": 4.561423599999756
                                                }
                                            }
                                        }
                                    }
                                },
                                "workers": {
                                    "total": 0.04321500000029843,
                                    "count": 4115,
                                    "self": 0.0,
                                    "children": {
                                        "worker_root": {
                                            "total": 49.410727599999916,
                                            "count": 4115,
                                            "is_parallel": true,
                                            "self": 13.900537899999861,
                                            "children": {
                                                "steps_from_proto": {
                                                    "total": 0.0009557000000004479,
                                                    "count": 1,
                                                    "is_parallel": true,
                                                    "self": 0.0001708000000011367,
                                                    "children": {
                                                        "_process_vector_observation": {
                                                            "total": 0.0007848999999993111,
                                                            "count": 8,
                                                            "is_parallel": true,
                                                            "self": 0.0007848999999993111
                                                        }
                                                    }
                                                },
                                                "UnityEnvironment.step": {
                                                    "total": 35.509234000000056,
                                                    "count": 4115,
                                                    "is_parallel": true,
                                                    "self": 0.2521662000003957,
                                                    "children": {
                                                        "UnityEnvironment._generate_step_input": {
                                                            "total": 0.5832058999998448,
                                                            "count": 4115,
                                                            "is_parallel": true,
                                                            "self": 0.5832058999998448
                                                        },
                                                        "communicator.exchange": {
                                                            "total": 32.96243159999988,
                                                            "count": 4115,
                                                            "is_parallel": true,
                                                            "self": 32.96243159999988
                                                        },
                                                        "steps_from_proto": {
                                                            "total": 1.7114302999999342,
                                                            "count": 4115,
                                                            "is_parallel": true,
                                                            "self": 0.3500214000002124,
                                                            "children": {
                                                                "_process_vector_observation": {
                                                                    "total": 1.3614088999997218,
                                                                    "count": 32920,
                                                                    "is_parallel": true,
                                                                    "self": 1.3614088999997218
                                                                }
                                                            }
                                                        }
                                                    }
                                                }
                                            }
                                        }
                                    }
                                }
                            }
                        }
                    }
                },
                "trainer_threads": {
                    "total": 1.639999999980546e-05,
                    "count": 1,
                    "self": 1.639999999980546e-05,
                    "children": {
                        "thread_root": {
                            "total": 0.0,
                            "count": 0,
                            "is_parallel": true,
                            "self": 0.0,
                            "children": {
                                "trainer_advance": {
                                    "total": 48.047356500000255,