{
    "name": "root",
    "gauges": {
        "DroneFly.Policy.Entropy.mean": {
            "value": 0.9961835741996765,
            "min": 0.9961835741996765,
            "max": 1.1264533996582031,
            "count": 102
        },
        "DroneFly.Environment.EpisodeLength.mean": {
            "value": 99.0,
            "min": 92.28301886792453,
            "max": 99.02083333333333,
            "count": 102
        },
        "DroneFly.Policy.ExtrinsicValueEstimate.mean": {
            "value": -0.6980571746826172,
            "min": -0.8269646167755127,
            "max": -0.6973324418067932,
            "count": 102
        },
        "DroneFly.Environment.CumulativeReward.mean": {
            "value": -0.4892999076843262,
            "min": -0.6846602396020349,
            "max": -0.4892999076843262,
            "count": 102
        },
        "DroneFly.Policy.ExtrinsicReward.mean": {
            "value": -0.4892999076843262,
            "min": -0.6846602396020349,
            "max": -0.4892999076843262,
            "count": 102
        },
        "DroneFly.IsTraining.mean": {
            "value": 1.0,
            "min": 1.0,
            "max": 1.0,
            "count": 102
        },
        "DroneFly.Losses.PolicyLoss.mean": {
            "value": 0.0527677220137169,
            "min": 0.019675609015394002,
            "max": 0.07655227409365277,
            "count": 62
        },
        "DroneFly.Losses.ValueLoss.mean": {
            "value": 0.0007123553295969032,
            "min": 0.00031392774447643507,
            "max": 0.003743183687523318,
            "count": 62
        },
        "DroneFly.Policy.LearningRate.mean": {
            "value": 0.00024647626784124997,
            "min": 0.00024647626784124997,
            "max": 0.00026149660283446996,
            "count": 62
        },
        "DroneFly.Policy.Epsilon.mean": {
            "value": 0.18215875,
            "min": 0.18215875,
            "max": 0.18716553000000002,
            "count": 62
        },
        "DroneFly.Policy.Beta.mean": {
            "value": 0.000823371625,
            "min": 0.000823371625,
            "max": 0.0008729387469999999,
            "count": 62
        }
    },
    "metadata": {
        "timer_format_version": "0.1.0",
        "start_time_seconds": "1613144758",
        "python_version": "3.8.7 (tags/v3.8.7:6503f05, Dec 21 2020, 17:59:51) [MSC v.1928 64 bit (AMD64)]",
        "command_line_arguments": "D:\\Machine Learning\\UnityVirtualEnvironments\\MLDroneEnv\\Scripts\\mlagents-learn .\\DroneFly.yaml --run-id=DroneDistanceTestCase102 --resume",
        "mlagents_version": "0.23.0",
        "mlagents_envs_version": "0.23.0",
        "communication_protocol_version": "1.3.0",
        "pytorch_version": "1.6.0+cu101",
        "numpy_version": "1.19.5",
        "end_time_seconds": "1613154730"
    },
    "total": 9971.8056607,
    "count": 1,
    "self": 0.006609300000491203,
    "children": {
        "run_training.setup": {
            "total": 0.02754460000000014,
            "count": 1,
            "self": 0.02754460000000014
        },
        "TrainerController.start_learning": {
            "total": 9971.7715068,
            "count": 1,
            "self": 12.701164200196217,
            "children": {
                "TrainerController._reset_env": {
                    "total": 17.2803857,
                    "count": 1,
                    "self": 17.2803857
                },
                "TrainerController.advance": {
                    "total": 9941.657667799804,
                    "count": 518118,
                    "self": 5.507567699811261,
                    "children": {
                        "env_step": {
                            "total": 9936.150100099992,
                            "count": 518118,
                            "self": 8871.463231300004,
                            "children": {
                                "SubprocessEnvManager._take_step": {
                                    "total": 1058.449388099585,
                                    "count": 518118,
                                    "self": 32.87003760012385,
                                    "children": {
                                        "TorchPolicy.evaluate": {
                                            "total": 1025.579350499461,
                                            "count": 512967,
                                            "self": 457.72346439917465,
                                            "children": {
                                                "TorchPolicy.sample_actions": {
                                                    "total": 567.8558861002864,
                                                    "count": 512967,
                                                    "self": 567.8558861002864
                                                }
                                            }
                                        }
                                    }
                                },
                                "workers": {
                                    "total": 6.2374807004041735,
                                    "count": 518117,
                                    "self": 0.0,
                                    "children": {
                                        "worker_root": {
                                            "total": 9940.54956809932,
                                            "count": 518117,
                                            "is_parallel": true,
                                            "self": 1593.251918799353,
                                            "children": {
                                                "steps_from_proto": {
                                                    "total": 0.0012646000000007263,
                                                    "count": 1,
                                                    "is_parallel": true,
                                                    "self": 0.0001307000000014824,
                                                    "children": {
                                                        "_process_vector_observation": {
                                                            "total": 0.0011338999999992438,
                                                            "count": 8,
                                                            "is_parallel": true,
                                                            "self": 0.0011338999999992438
                                                        }
                                                    }
                                                },
                                                "UnityEnvironment.step": {
                                                    "total": 8347.296384699968,
                                                    "count": 518117,
                                                    "is_parallel": true,
                                                    "self": 38.520807599734326,
                                                    "children": {
                                                        "UnityEnvironment._generate_step_input": {
                                                            "total": 77.83232010031672,
                                                            "count": 518117,
                                                            "is_parallel": true,
                                                            "self": 77.83232010031672
                                                        },
                                                        "communicator.exchange": {
                                                            "total": 7939.5296050999295,
                                                            "count": 518117,
                                                            "is_parallel": true,