{
    "name": "root",
    "gauges": {
        "DroneFly.Policy.Entropy.mean": {
            "value": 1.1638070344924927,
            "min": 1.1638070344924927,
            "max": 1.417232871055603,
            "count": 38
        },
        "DroneFly.Environment.EpisodeLength.mean": {
            "value": 19.97907949790795,
            "min": 15.634551495016611,
            "max": 31.535947712418302,
            "count": 38
        },
        "DroneFly.Policy.ExtrinsicValueEstimate.mean": {
            "value": 4.024745941162109,
            "min": -1.3759557008743286,
            "max": 4.024745941162109,
            "count": 38
        },
        "DroneFly.Environment.CumulativeReward.mean": {
            "value": 4.270580026893935,
            "min": -1.7169101925715347,
            "max": 4.270580026893935,
            "count": 38
        },
        "DroneFly.Policy.ExtrinsicReward.mean": {
            "value": 4.270580026893935,
            "min": -1.7169101925715347,
            "max": 4.270580026893935,
            "count": 38
        },
        "DroneFly.Losses.PolicyLoss.mean": {
            "value": 0.2370353092921478,
            "min": 0.22673693137819548,
            "max": 0.2513064001896781,
            "count": 38
        },
        "DroneFly.Losses.ValueLoss.mean": {
            "value": 0.9016546166822236,
            "min": 0.001116452908154311,
            "max": 4.799290004482966,
            "count": 38
        },
        "DroneFly.Policy.LearningRate.mean": {
            "value": 0.0002943759063427836,
            "min": 0.0002943759063427836,
            "max": 0.0002999247928822119,
            "count": 38
        },
        "DroneFly.Policy.Epsilon.mean": {
            "value": 0.19812530148936172,
            "min": 0.19812530148936172,
            "max": 0.19997493095238097,
            "count": 38
        },
        "DroneFly.Policy.Beta.mean": {
            "value": 0.0004908139772978723,
            "min": 0.0004908139772978723,
            "max": 0.0004998771616666666,
            "count": 38
        },
        "DroneFly.IsTraining.mean": {
            "value": 1.0,
            "min": 1.0,
            "max": 1.0,
            "count": 38
        }
    },
    "metadata": {
        "timer_format_version": "0.1.0",
        "start_time_seconds": "1613058106",
        "python_version": "3.8.7 (tags/v3.8.7:6503f05, Dec 21 2020, 17:59:51) [MSC v.1928 64 bit (AMD64)]",
        "command_line_arguments": "D:\\Machine Learning\\UnityVirtualEnvironments\\MLDroneEnv\\Scripts\\mlagents-learn .\\DroneFly.yaml --run-id=DroneDistanceTestCase100",
        "mlagents_version": "0.23.0",
        "mlagents_envs_version": "0.23.0",
        "communication_protocol_version": "1.3.0",
        "pytorch_version": "1.6.0+cu101",
        "numpy_version": "1.19.5",
        "end_time_seconds": "1613062376"
    },
    "total": 4269.7517001999995,
    "count": 1,
    "self": 0.00737579999895388,
    "children": {
        "run_training.setup": {
            "total": 0.058493399999999696,
            "count": 1,
            "self": 0.058493399999999696
        },
        "TrainerController.start_learning": {
            "total": 4269.685831000001,
            "count": 1,
            "self": 4.476593300062632,
            "children": {
                "TrainerController._reset_env": {
                    "total": 17.8345772,
                    "count": 1,
                    "self": 17.8345772
                },
                "TrainerController.advance": {
                    "total": 4247.150859099938,
                    "count": 201591,
                    "self": 2.058095699931073,
                    "children": {
                        "env_step": {
                            "total": 4245.092763400007,
                            "count": 201591,
                            "self": 3888.790252999991,
                            "children": {
                                "SubprocessEnvManager._take_step": {
                                    "total": 354.017689099943,
                                    "count": 201591,
                                    "self": 10.694326799824012,
                                    "children": {
                                        "TorchPolicy.evaluate": {
                                            "total": 343.323362300119,
                                            "count": 193088,
                                            "self": 161.34501970016996,
                                            "children": {
                                                "TorchPolicy.sample_actions": {
                                                    "total": 181.97834259994906,
                                                    "count": 193088,
                                                    "self": 181.97834259994906
                                                }
                                            }
                                        }
                                    }
                                },
                                "workers": {
                                    "total": 2.284821300073297,
                                    "count": 201590,
                                    "self": 0.0,
                                    "children": {
                                        "worker_root": {
                                            "total": 4249.431653599982,
                                            "count": 201590,
                                            "is_parallel": true,
                                            "self": 543.9389474998638,
                                            "children": {
                                                "steps_from_proto": {
                                                    "total": 0.0008932000000001494,
                                                    "count": 1,
                                                    "is_parallel": true,
                                                    "self": 0.00011000000000471744,
                                                    "children": {
                                                        "_process_vector_observation": {
                                                            "total": 0.000783199999995432,
                                                            "count": 8,
                                                            "is_parallel": true,
                                                            "self": 0.000783199999995432
                                                        }
                                                    }
                                                },
                                                "UnityEnvironment.step": {
                                                    "total": 3705.4918129001185,
                                                    "count": 201590,
                                                    "is_parallel": true,
                                                    "self": 13.82485820014972,
                                                    "children": {
                                                        "UnityEnvironment._generate_step_input": {
                                                            "total": 27.115439699935333,
                                                            "count": 201590,
                                                            "is_parallel": true,
                                                            "self": 27.115439699935333
                                                        },
                                                        "communicator.exchange": {
                                                            "total": 3556.404153100051,
                                                            "count": 201590,