{
    "name": "root",
    "gauges": {
        "DroneFly.Policy.Entropy.mean": {
            "value": 1.20965576171875,
            "min": 1.207730770111084,
            "max": 1.418593406677246,
            "count": 14
        },
        "DroneFly.Environment.EpisodeLength.mean": {
            "value": 53.38461538461539,
            "min": 33.28767123287671,
            "max": 62.31645569620253,
            "count": 14
        },
        "DroneFly.Policy.ExtrinsicValueEstimate.mean": {
            "value": -0.01985415443778038,
            "min": -1.1262388229370117,
            "max": 0.09177589416503906,
            "count": 14
        },
        "DroneFly.Environment.CumulativeReward.mean": {
            "value": 0.0,
            "min": 0.0,
            "max": 0.0007142856983201844,
            "count": 14
        },
        "DroneFly.Policy.ExtrinsicReward.mean": {
            "value": 0.0,
            "min": 0.0,
            "max": 0.0007142856983201844,
            "count": 14
        },
        "DroneFly.Losses.ValueLoss.mean": {
            "value": 0.035887423902750015,
            "min": 0.0011875961208716035,
            "max": 17.457523345947266,
            "count": 14
        },
        "DroneFly.Losses.PolicyLoss.mean": {
            "value": 0.23733597993850708,
            "min": 0.2278752326965332,
            "max": 0.252163827419281,
            "count": 14
        },
        "DroneFly.Policy.LearningRate.mean": {
            "value": 0.0002898837556131184,
            "min": 0.0002898837556131184,
            "max": 0.00029962818371132016,
            "count": 14
        },
        "DroneFly.Policy.Epsilon.mean": {
            "value": 0.1966279000043869,
            "min": 0.1966279000043869,
            "max": 0.19987605512142181,
            "count": 14
        },
        "DroneFly.Policy.Beta.mean": {
            "value": 0.0004834767314605415,
            "min": 0.0004834767314605415,
            "max": 0.0004993927432224154,
            "count": 14
        },
        "DroneFly.IsTraining.mean": {
            "value": 1.0,
            "min": 1.0,
            "max": 1.0,
            "count": 14
        }
    },
    "metadata": {
        "timer_format_version": "0.1.0",
        "start_time_seconds": "1603828010",
        "python_version": "3.8.6 (tags/v3.8.6:db45529, Sep 23 2020, 15:52:53) [MSC v.1927 64 bit (AMD64)]",
        "command_line_arguments": "D:\\Projects\\VirtualEnviroments\\UnityMLAgentsTestEnv\\Scripts\\mlagents-learn .\\DroneFly.yaml --run-id=DroneFly9",
        "mlagents_version": "0.17.0",
        "mlagents_envs_version": "0.17.0",
        "communication_protocol_version": "1.0.0",
        "tensorflow_version": "2.2.0",
        "end_time_seconds": "1603828603"
    },
    "total": 592.8418830999999,
    "count": 1,
    "self": 0.008122999999955027,
    "children": {
        "run_training.setup": {
            "total": 0.024418300000000226,
            "count": 1,
            "self": 0.024418300000000226
        },
        "TrainerController.start_learning": {
            "total": 592.8093418,
            "count": 1,
            "self": 22.961586700000225,
            "children": {
                "TrainerController._reset_env": {
                    "total": 17.3887715,
                    "count": 1,
                    "self": 17.3887715
                },
                "TrainerController.advance": {
                    "total": 550.9300703999997,
                    "count": 75664,
                    "self": 0.7532070000131625,
                    "children": {
                        "env_step": {
                            "total": 550.1768633999866,
                            "count": 75664,
                            "self": 508.7345958999687,
                            "children": {
                                "SubprocessEnvManager._take_step": {
                                    "total": 40.575244300018014,
                                    "count": 75664,
                                    "self": 1.8913557000298766,
                                    "children": {
                                        "NNPolicy.evaluate": {
                                            "total": 38.68388859998814,
                                            "count": 74448,
                                            "self": 38.68388859998814
                                        }
                                    }
                                },
                                "workers": {
                                    "total": 0.8670231999998528,
                                    "count": 75663,
                                    "self": 0.0,
                                    "children": {
                                        "worker_root": {
                                            "total": 571.5380444000081,
                                            "count": 75663,
                                            "is_parallel": true,
                                            "self": 139.7524521000135,
                                            "children": {
                                                "steps_from_proto": {
                                                    "total": 0.00025090000000105306,
                                                    "count": 1,
                                                    "is_parallel": true,
                                                    "self": 8.160000000145828e-05,
                                                    "children": {
                                                        "_process_vector_observation": {
                                                            "total": 0.00016929999999959477,
                                                            "count": 2,
                                                            "is_parallel": true,
                                                            "self": 0.00016929999999959477
                                                        }
                                                    }
                                                },
                                                "UnityEnvironment.step": {
                                                    "total": 431.78534139999454,
                                                    "count": 75663,
                                                    "is_parallel": true,
                                                    "self": 4.439194299979022,
                                                    "children": {
                                                        "UnityEnvironment._generate_step_input": {
                                                            "total": 8.353514300005592,
                                                            "count": 75663,
                                                            "is_parallel": true,
                                                            "self": 8.353514300005592
                                                        },
                                                        "communicator.exchange": {
                                                            "total": 407.75122310000654,
                                                            "count": 75663,
                                                            "is_parallel": true,
                                                            "self": 407.75122310000654
                                                        },
                                                        "steps_from_proto": {
                                                            "total": 11.241409700003384,
                                                            "count": 75663,
                                                            "is_parallel": true,
                                                            "self": 4.757353000005523,