{
    "name": "root",
    "gauges": {
        "DroneFly.Policy.Entropy.mean": {
            "value": 1.9202724695205688,
            "min": 1.4311825037002563,
            "max": 1.9202724695205688,
            "count": 216
        },
        "DroneFly.Environment.EpisodeLength.mean": {
            "value": 121.875,
            "min": 38.5234375,
            "max": 430.0,
            "count": 216
        },
        "DroneFly.Policy.ExtrinsicValueEstimate.mean": {
            "value": -0.7849617600440979,
            "min": -1.6687448024749756,
            "max": 0.23246827721595764,
            "count": 216
        },
        "DroneFly.Environment.CumulativeReward.mean": {
            "value": -2.0366410047580032,
            "min": -2.1359091021797876,
            "max": -2.011241912841797,
            "count": 216
        },
        "DroneFly.Policy.ExtrinsicReward.mean": {
            "value": -2.0366410047580032,
            "min": -2.1359091021797876,
            "max": -2.011241912841797,
            "count": 216
        },
        "DroneFly.Losses.PolicyLoss.mean": {
            "value": 0.2487441483614068,
            "min": 0.22613069001501857,
            "max": 1.021356221769305,
            "count": 216
        },
        "DroneFly.Losses.ValueLoss.mean": {
            "value": 0.07376711434282368,
            "min": 0.007482836303229734,
            "max": 51.19246026276118,
            "count": 216
        },
        "DroneFly.Policy.LearningRate.mean": {
            "value": 0.00026768005077331997,
            "min": 0.00026768005077331997,
            "max": 0.000299929065023645,
            "count": 216
        },
        "DroneFly.Policy.Epsilon.mean": {
            "value": 0.18922668,
            "min": 0.18922668,
            "max": 0.199976355,
            "count": 216
        },
        "DroneFly.Policy.Beta.mean": {
            "value": 0.0004472107319999999,
            "min": 0.0004472107319999999,
            "max": 0.0004998841394999999,
            "count": 216
        },
        "DroneFly.IsTraining.mean": {
            "value": 1.0,
            "min": 1.0,
            "max": 1.0,
            "count": 216
        }
    },
    "metadata": {
        "timer_format_version": "0.1.0",
        "start_time_seconds": "1610395108",
        "python_version": "3.8.7 (tags/v3.8.7:6503f05, Dec 21 2020, 17:59:51) [MSC v.1928 64 bit (AMD64)]",
        "command_line_arguments": "D:\\Machine Learning\\UnityVirtualEnvironments\\MLDroneEnv\\Scripts\\mlagents-learn .\\DroneFly.yaml --run-id=DroneFlyPlatformLandTest",
        "mlagents_version": "0.23.0",
        "mlagents_envs_version": "0.23.0",
        "communication_protocol_version": "1.3.0",
        "pytorch_version": "1.6.0+cu101",
        "numpy_version": "1.19.5",
        "end_time_seconds": "1610399303"
    },
    "total": 4194.799646,
    "count": 1,
    "self": 0.009635800000978634,
    "children": {
        "run_training.setup": {
            "total": 0.01889289999999999,
            "count": 1,
            "self": 0.01889289999999999
        },
        "TrainerController.start_learning": {
            "total": 4194.7711173,
            "count": 1,
            "self": 3.406939300004524,
            "children": {
                "TrainerController._reset_env": {
                    "total": 16.039847599999998,
                    "count": 1,
                    "self": 16.039847599999998
                },
                "TrainerController.advance": {
                    "total": 4175.267388599995,
                    "count": 97606,
                    "self": 1.1971098999565584,
                    "children": {
                        "env_step": {
                            "total": 4174.070278700038,
                            "count": 97606,
                            "self": 3962.908893100076,
                            "children": {
                                "SubprocessEnvManager._take_step": {
                                    "total": 209.93117529998398,
                                    "count": 97606,
                                    "self": 6.182586299999684,
                                    "children": {
                                        "TorchPolicy.evaluate": {
                                            "total": 203.7485889999843,
                                            "count": 90378,
                                            "self": 70.99375309993457,
                                            "children": {
                                                "TorchPolicy.sample_actions": {
                                                    "total": 132.75483590004973,
                                                    "count": 90378,
                                                    "self": 132.75483590004973
                                                }
                                            }
                                        }
                                    }
                                },
                                "workers": {
                                    "total": 1.2302102999782143,
                                    "count": 97605,
                                    "self": 0.0,
                                    "children": {
                                        "worker_root": {
                                            "total": 4175.756825499987,
                                            "count": 97605,
                                            "is_parallel": true,
                                            "self": 648.1193201999854,
                                            "children": {
                                                "steps_from_proto": {
                                                    "total": 0.003924599999999501,
                                                    "count": 1,
                                                    "is_parallel": true,
                                                    "self": 0.00016039999999684085,
                                                    "children": {
                                                        "_process_vector_observation": {
                                                            "total": 0.00376420000000266,
                                                            "count": 8,
                                                            "is_parallel": true,
                                                            "self": 0.00376420000000266
                                                        }
                                                    }
                                                },
                                                "UnityEnvironment.step": {
                                                    "total": 3527.6335807000014,
                                                    "count": 97605,
                                                    "is_parallel": true,
                                                    "self": 13.803205299943329,
                                                    "children": {
                                                        "UnityEnvironment._generate_step_input": {
                                                            "total": 57.30727779997977,
                                                            "count": 97605,
                                                            "is_parallel": true,
                                                            "self": 57.30727779997977
                                                        },
                                                        "communicator.exchange": {
                                                            "total": 3276.7124956000484,
                                                            "count": 97605,
                                                            "is_parallel": true,