{
    "name": "root",
    "gauges": {
        "DroneFly.Policy.Entropy.mean": {
            "value": 0.8912121057510376,
            "min": 0.880445122718811,
            "max": 1.4196670055389404,
            "count": 134
        },
        "DroneFly.Environment.EpisodeLength.mean": {
            "value": 19.795833333333334,
            "min": 13.700879765395895,
            "max": 68.34722222222223,
            "count": 134
        },
        "DroneFly.Policy.ExtrinsicValueEstimate.mean": {
            "value": 3.9647326469421387,
            "min": -1.5110763311386108,
            "max": 4.0142669677734375,
            "count": 134
        },
        "DroneFly.Environment.CumulativeReward.mean": {
            "value": 4.111337786912918,
            "min": -1.891872479683823,
            "max": 4.3688307541842555,
            "count": 134
        },
        "DroneFly.Policy.ExtrinsicReward.mean": {
            "value": 4.111337786912918,
            "min": -1.891872479683823,
            "max": 4.3688307541842555,
            "count": 134
        },
        "DroneFly.Losses.PolicyLoss.mean": {
            "value": 0.243165681069432,
            "min": 0.22223165277779713,
            "max": 0.2880512626696368,
            "count": 134
        },
        "DroneFly.Losses.ValueLoss.mean": {
            "value": 1.0891572459599936,
            "min": 0.0006440144509097933,
            "max": 19.101980485437668,
            "count": 134
        },
        "DroneFly.Policy.LearningRate.mean": {
            "value": 0.0002799746939091468,
            "min": 0.0002799746939091468,
            "max": 0.00029992617977460677,
            "count": 134
        },
        "DroneFly.Policy.Epsilon.mean": {
            "value": 0.1933248957446808,
            "min": 0.1933248957446808,
            "max": 0.19997539325,
            "count": 134
        },
        "DroneFly.Policy.Beta.mean": {
            "value": 0.00046729198914893615,
            "min": 0.00046729198914893615,
            "max": 0.000499879426925,
            "count": 134
        },
        "DroneFly.IsTraining.mean": {
            "value": 1.0,
            "min": 1.0,
            "max": 1.0,
            "count": 134
        }
    },
    "metadata": {
        "timer_format_version": "0.1.0",
        "start_time_seconds": "1613062424",
        "python_version": "3.8.7 (tags/v3.8.7:6503f05, Dec 21 2020, 17:59:51) [MSC v.1928 64 bit (AMD64)]",
        "command_line_arguments": "D:\\Machine Learning\\UnityVirtualEnvironments\\MLDroneEnv\\Scripts\\mlagents-learn .\\DroneFly.yaml --run-id=DroneDistanceTestCase101",
        "mlagents_version": "0.23.0",
        "mlagents_envs_version": "0.23.0",
        "communication_protocol_version": "1.3.0",
        "pytorch_version": "1.6.0+cu101",
        "numpy_version": "1.19.5",
        "end_time_seconds": "1613074914"
    },
    "total": 12489.7013613,
    "count": 1,
    "self": 0.008189399999537272,
    "children": {
        "run_training.setup": {
            "total": 0.043962399999999846,
            "count": 1,
            "self": 0.043962399999999846
        },
        "TrainerController.start_learning": {
            "total": 12489.649209500001,
            "count": 1,
            "self": 15.943413599856285,
            "children": {
                "TrainerController._reset_env": {
                    "total": 24.4986738,
                    "count": 1,
                    "self": 24.4986738
                },
                "TrainerController.advance": {
                    "total": 12449.035104300145,
                    "count": 698349,
                    "self": 7.415579500468084,
                    "children": {
                        "env_step": {
                            "total": 12441.619524799677,
                            "count": 698349,
                            "self": 11208.138589899474,
                            "children": {
                                "SubprocessEnvManager._take_step": {
                                    "total": 1225.6586007002322,
                                    "count": 698349,
                                    "self": 36.66987909983595,
                                    "children": {
                                        "TorchPolicy.evaluate": {
                                            "total": 1188.9887216003963,
                                            "count": 673193,
                                            "self": 549.8363776002448,
                                            "children": {
                                                "TorchPolicy.sample_actions": {
                                                    "total": 639.1523440001515,
                                                    "count": 673193,
                                                    "self": 639.1523440001515
                                                }
                                            }
                                        }
                                    }
                                },
                                "workers": {
                                    "total": 7.822334199970108,
                                    "count": 698348,
                                    "self": 0.0,
                                    "children": {
                                        "worker_root": {
                                            "total": 12446.357170500127,
                                            "count": 698348,
                                            "is_parallel": true,
                                            "self": 1865.852576999927,
                                            "children": {
                                                "steps_from_proto": {
                                                    "total": 0.0009446000000004062,
                                                    "count": 1,
                                                    "is_parallel": true,
                                                    "self": 0.0001519000000058668,
                                                    "children": {
                                                        "_process_vector_observation": {
                                                            "total": 0.0007926999999945394,
                                                            "count": 8,
                                                            "is_parallel": true,
                                                            "self": 0.0007926999999945394
                                                        }
                                                    }
                                                },
                                                "UnityEnvironment.step": {
                                                    "total": 10580.5036489002,
                                                    "count": 698348,
                                                    "is_parallel": true,
                                                    "self": 46.93434959864135,
                                                    "children": {
                                                        "UnityEnvironment._generate_step_input": {
                                                            "total": 94.66188420084322,
                                                            "count": 698348,
                                                            "is_parallel": true,
                                                            "self": 94.66188420084322
                                                        },
                                                        "communicator.exchange": {
                                                            "total": 10063.450951399933,
                                                            "count": 698348,