{
    "name": "root",
    "gauges": {
        "DroneFly.Policy.Entropy.mean": {
            "value": 3.2617905139923096,
            "min": 1.458269476890564,
            "max": 3.2617905139923096,
            "count": 100
        },
        "DroneFly.Environment.EpisodeLength.mean": {
            "value": 17.70566037735849,
            "min": 17.6425855513308,
            "max": 39.02307692307692,
            "count": 100
        },
        "DroneFly.Policy.ExtrinsicValueEstimate.mean": {
            "value": 0.08946438878774643,
            "min": -4.921928405761719,
            "max": 1.1255017518997192,
            "count": 100
        },
        "DroneFly.Environment.CumulativeReward.mean": {
            "value": 0.10063670547713947,
            "min": 0.03233576685625271,
            "max": 0.10082089684125203,
            "count": 100
        },
        "DroneFly.Policy.ExtrinsicReward.mean": {
            "value": 0.10063670547713947,
            "min": 0.03233576685625271,
            "max": 0.10082089684125203,
            "count": 100
        },
        "DroneFly.Losses.ValueLoss.mean": {
            "value": 8.871204045135528e-05,
            "min": 8.871204045135528e-05,
            "max": 806.9949340820312,
            "count": 100
        },
        "DroneFly.Losses.PolicyLoss.mean": {
            "value": 0.24076737463474274,
            "min": 0.23624242842197418,
            "max": 0.6161342859268188,
            "count": 100
        },
        "DroneFly.Policy.LearningRate.mean": {
            "value": 1.5115532505660667e-06,
            "min": 1.5115532505660667e-06,
            "max": 0.0002984621387440711,
            "count": 100
        },
        "DroneFly.Policy.Epsilon.mean": {
            "value": 0.1005038321018219,
            "min": 0.1005038321018219,
            "max": 0.1994873583316803,
            "count": 100
        },
        "DroneFly.Policy.Beta.mean": {
            "value": 1.246870760951424e-05,
            "min": 1.246870760951424e-05,
            "max": 0.0004974881885573268,
            "count": 100
        },
        "DroneFly.IsTraining.mean": {
            "value": 1.0,
            "min": 1.0,
            "max": 1.0,
            "count": 100
        }
    },
    "metadata": {
        "timer_format_version": "0.1.0",
        "start_time_seconds": "1603681235",
        "python_version": "3.8.6 (tags/v3.8.6:db45529, Sep 23 2020, 15:52:53) [MSC v.1927 64 bit (AMD64)]",
        "command_line_arguments": "D:\\Projects\\VirtualEnviroments\\UnityMLAgentsTestEnv\\Scripts\\mlagents-learn .\\DroneFly.yaml --run-id=DroneFly5 --force",
        "mlagents_version": "0.17.0",
        "mlagents_envs_version": "0.17.0",
        "communication_protocol_version": "1.0.0",
        "tensorflow_version": "2.2.0",
        "end_time_seconds": "1603682063"
    },
    "total": 827.9442801,
    "count": 1,
    "self": 0.7014139000000341,
    "children": {
        "run_training.setup": {
            "total": 0.026905399999999968,
            "count": 1,
            "self": 0.026905399999999968
        },
        "TrainerController.start_learning": {
            "total": 827.2159608,
            "count": 1,
            "self": 41.7929089999958,
            "children": {
                "TrainerController._reset_env": {
                    "total": 10.069719599999999,
                    "count": 1,
                    "self": 10.069719599999999
                },
                "TrainerController.advance": {
                    "total": 773.5431049000041,
                    "count": 57570,
                    "self": 0.7652059000250802,
                    "children": {
                        "env_step": {
                            "total": 772.777898999979,
                            "count": 57570,
                            "self": 730.7970359999762,
                            "children": {
                                "SubprocessEnvManager._take_step": {
                                    "total": 41.06193850000034,
                                    "count": 57570,
                                    "self": 1.9768610000043765,
                                    "children": {
                                        "NNPolicy.evaluate": {
                                            "total": 39.08507749999596,
                                            "count": 41688,
                                            "self": 39.08507749999596
                                        }
                                    }
                                },
                                "workers": {
                                    "total": 0.9189245000025075,
                                    "count": 57570,
                                    "self": 0.0,
                                    "children": {
                                        "worker_root": {
                                            "total": 812.5603429999925,
                                            "count": 57570,
                                            "is_parallel": true,
                                            "self": 213.06089019999274,
                                            "children": {
                                                "steps_from_proto": {
                                                    "total": 0.0005358999999991454,
                                                    "count": 1,
                                                    "is_parallel": true,
                                                    "self": 0.00013099999999965917,
                                                    "children": {
                                                        "_process_vector_observation": {
                                                            "total": 0.0004048999999994862,
                                                            "count": 2,
                                                            "is_parallel": true,
                                                            "self": 0.0004048999999994862
                                                        }
                                                    }
                                                },
                                                "UnityEnvironment.step": {
                                                    "total": 599.4989168999997,
                                                    "count": 57570,
                                                    "is_parallel": true,
                                                    "self": 5.603452899989975,
                                                    "children": {
                                                        "UnityEnvironment._generate_step_input": {
                                                            "total": 20.948524000008028,
                                                            "count": 57570,
                                                            "is_parallel": true,
                                                            "self": 20.948524000008028
                                                        },
                                                        "communicator.exchange": {
                                                            "total": 556.2025849000078,
                                                            "count": 57570,
                                                            "is_parallel": true,
                                                            "self": 556.2025849000078
                                                        },
                                                        "steps_from_proto": {
                                                            "total": 16.744355099994003,
                                                            "count": 57570,
                                                            "is_parallel": true,