{
    "name": "root",
    "gauges": {
        "DroneFly.Policy.Entropy.mean": {
            "value": 3.4189376831054688,
            "min": 1.4344786405563354,
            "max": 3.418938398361206,
            "count": 134
        },
        "DroneFly.Policy.ExtrinsicValueEstimate.mean": {
            "value": 0.7966781258583069,
            "min": -102.17716979980469,
            "max": 62.167083740234375,
            "count": 134
        },
        "DroneFly.Environment.EpisodeLength.mean": {
            "value": 80.1639344262295,
            "min": 67.08108108108108,
            "max": 133.23684210526315,
            "count": 134
        },
        "DroneFly.Losses.ValueLoss.mean": {
            "value": 0.006698244251310825,
            "min": 0.006698244251310825,
            "max": 5819.5068359375,
            "count": 134
        },
        "DroneFly.Losses.PolicyLoss.mean": {
            "value": 0.2504130005836487,
            "min": 0.2303730696439743,
            "max": 0.3643260598182678,
            "count": 134
        },
        "DroneFly.Policy.LearningRate.mean": {
            "value": 0.00025994444149546325,
            "min": 0.00025994444149546325,
            "max": 0.00029982946580275893,
            "count": 134
        },
        "DroneFly.Policy.Epsilon.mean": {
            "value": 0.1866481453180313,
            "min": 0.1866481453180313,
            "max": 0.19994314014911652,
            "count": 134
        },
        "DroneFly.Policy.Beta.mean": {
            "value": 0.0004345758643466979,
            "min": 0.0004345758643466979,
            "max": 0.0004997214418835938,
            "count": 134
        },
        "DroneFly.Environment.CumulativeReward.mean": {
            "value": 1.0,
            "min": 0.0,
            "max": 1.0,
            "count": 134
        },
        "DroneFly.Policy.ExtrinsicReward.mean": {
            "value": 1.0,
            "min": 0.0,
            "max": 1.0,
            "count": 134
        },
        "DroneFly.IsTraining.mean": {
            "value": 1.0,
            "min": 1.0,
            "max": 1.0,
            "count": 134
        }
    },
    "metadata": {
        "timer_format_version": "0.1.0",
        "start_time_seconds": "1606010080",
        "python_version": "3.8.6 (tags/v3.8.6:db45529, Sep 23 2020, 15:52:53) [MSC v.1927 64 bit (AMD64)]",
        "command_line_arguments": "D:\\Projects\\VirtualEnviroments\\UnityMLAgentsTestEnv\\Scripts\\mlagents-learn .\\DroneFly.yaml --run-id=DroneFly13",
        "mlagents_version": "0.17.0",
        "mlagents_envs_version": "0.17.0",
        "communication_protocol_version": "1.0.0",
        "tensorflow_version": "2.2.0",
        "end_time_seconds": "1606010955"
    },
    "total": 875.0036279999999,
    "count": 1,
    "self": 0.008997899999940273,
    "children": {
        "run_training.setup": {
            "total": 0.02876769999999995,
            "count": 1,
            "self": 0.02876769999999995
        },
        "TrainerController.start_learning": {
            "total": 874.9658624,
            "count": 1,
            "self": 39.29820859998472,
            "children": {
                "TrainerController._reset_env": {
                    "total": 49.9343869,
                    "count": 1,
                    "self": 49.9343869
                },
                "TrainerController.advance": {
                    "total": 783.5897526000152,
                    "count": 61383,
                    "self": 0.6630800000179988,
                    "children": {
                        "env_step": {
                            "total": 782.9266725999972,
                            "count": 61383,
                            "self": 736.5830075999739,
                            "children": {
                                "SubprocessEnvManager._take_step": {
                                    "total": 45.585322800007965,
                                    "count": 61383,
                                    "self": 1.954620500003621,
                                    "children": {
                                        "NNPolicy.evaluate": {
                                            "total": 43.630702300004344,
                                            "count": 55971,
                                            "self": 43.630702300004344
                                        }
                                    }
                                },
                                "workers": {
                                    "total": 0.7583422000153703,
                                    "count": 61382,
                                    "self": 0.0,
                                    "children": {
                                        "worker_root": {
                                            "total": 820.681956599978,
                                            "count": 61382,
                                            "is_parallel": true,
                                            "self": 216.72888339996643,
                                            "children": {
                                                "steps_from_proto": {
                                                    "total": 0.0004506000000006338,
                                                    "count": 1,
                                                    "is_parallel": true,
                                                    "self": 0.00011270000000251912,
                                                    "children": {
                                                        "_process_vector_observation": {
                                                            "total": 0.0003378999999981147,
                                                            "count": 2,
                                                            "is_parallel": true,
                                                            "self": 0.0003378999999981147
                                                        }
                                                    }
                                                },
                                                "UnityEnvironment.step": {
                                                    "total": 603.9526226000115,
                                                    "count": 61382,
                                                    "is_parallel": true,
                                                    "self": 4.635629400016455,
                                                    "children": {
                                                        "UnityEnvironment._generate_step_input": {
                                                            "total": 21.041159599991595,
                                                            "count": 61382,
                                                            "is_parallel": true,
                                                            "self": 21.041159599991595
                                                        },
                                                        "communicator.exchange": {
                                                            "total": 563.0695825999998,
                                                            "count": 61382,
                                                            "is_parallel": true,
                                                            "self": 563.0695825999998
                                                        },
                                                        "steps_from_proto": {
                                                            "total": 15.206251000003725,
                                                            "count": 61382,
                                                            "is_parallel": true,
                                                            "self": 4.929138299993149,