{
    "name": "root",
    "gauges": {
        "DroneFly.Policy.Entropy.mean": {
            "value": 1.358688473701477,
            "min": 1.358688473701477,
            "max": 1.4197924137115479,
            "count": 192
        },
        "DroneFly.Environment.EpisodeLength.mean": {
            "value": 999.0,
            "min": 614.375,
            "max": 999.0,
            "count": 192
        },
        "DroneFly.Policy.ExtrinsicValueEstimate.mean": {
            "value": -0.09461747109889984,
            "min": -0.6511182188987732,
            "max": 0.15373095870018005,
            "count": 192
        },
        "DroneFly.Policy.GailValueEstimate.mean": {
            "value": 35.205543518066406,
            "min": -0.00036908581387251616,
            "max": 55.264312744140625,
            "count": 192
        },
        "DroneFly.Environment.CumulativeReward.mean": {
            "value": -1.1179991245269776,
            "min": -8.05399923324585,
            "max": 2.398000931739807,
            "count": 192
        },
        "DroneFly.Policy.ExtrinsicReward.mean": {
            "value": -1.1179991245269776,
            "min": -8.05399923324585,
            "max": 2.398000931739807,
            "count": 192
        },
        "DroneFly.Policy.GailReward.mean": {
            "value": 351.1533569335937,
            "min": 226.11434326171874,
            "max": 1078.9715087890625,
            "count": 192
        },
        "DroneFly.IsTraining.mean": {
            "value": 1.0,
            "min": 1.0,
            "max": 1.0,
            "count": 192
        },
        "DroneFly.Losses.PolicyLoss.mean": {
            "value": 0.02756177924190221,
            "min": 0.015719813711863633,
            "max": 0.03395274455154625,
            "count": 109
        },
        "DroneFly.Losses.ValueLoss.mean": {
            "value": 5.425764401753743,
            "min": 4.792216340700786,
            "max": 107.57583045959473,
            "count": 109
        },
        "DroneFly.Policy.LearningRate.mean": {
            "value": 0.00027125892958036,
            "min": 0.00027125892958036,
            "max": 0.00029973000008999995,
            "count": 109
        },
        "DroneFly.Policy.Epsilon.mean": {
            "value": 0.19041964,
            "min": 0.19041964,
            "max": 0.19991,
            "count": 109
        },
        "DroneFly.Policy.Beta.mean": {
            "value": 0.000905154436,
            "min": 0.000905154436,
            "max": 0.000999109,
            "count": 109
        },
        "DroneFly.Policy.GAILPolicyEstimate.mean": {
            "value": 0.20814946914712587,
            "min": 0.20814946914712587,
            "max": 0.42652039726575214,
            "count": 109
        },
        "DroneFly.Policy.GAILExpertEstimate.mean": {
            "value": 0.8198057984312376,
            "min": 0.5112475988765558,
            "max": 0.8198057984312376,
            "count": 109
        },
        "DroneFly.Losses.GAILLoss.mean": {
            "value": 0.489617637048165,
            "min": 0.489617637048165,
            "max": 1.2410434583822887,
            "count": 109
        },
        "DroneFly.Policy.GAILGradMagLoss.mean": {
            "value": 0.07751307853808005,
            "min": 0.057902774618317686,
            "max": 8.35482386747996,
            "count": 109
        }
    },
    "metadata": {
        "timer_format_version": "0.1.0",
        "start_time_seconds": "1613340941",
        "python_version": "3.8.7 (tags/v3.8.7:6503f05, Dec 21 2020, 17:59:51) [MSC v.1928 64 bit (AMD64)]",
        "command_line_arguments": "D:\\Machine Learning\\UnityVirtualEnvironments\\MLDroneEnv\\Scripts\\mlagents-learn .\\DroneFly.yaml --run-id=DroneDistanceTestCase175",
        "mlagents_version": "0.23.0",
        "mlagents_envs_version": "0.23.0",
        "communication_protocol_version": "1.3.0",
        "pytorch_version": "1.6.0+cu101",
        "numpy_version": "1.19.5",
        "end_time_seconds": "1613351201"
    },
    "total": 10260.4279907,
    "count": 1,
    "self": 0.005176600001504994,
    "children": {
        "run_training.setup": {
            "total": 0.018113400000000057,
            "count": 1,
            "self": 0.018113400000000057
        },
        "TrainerController.start_learning": {
            "total": 10260.404700699999,
            "count": 1,
            "self": 23.271705300077883,
            "children": {
                "TrainerController._reset_env": {
                    "total": 25.0889304,
                    "count": 1,
                    "self": 12.076089899999998,
                    "children": {
                        "demo_to_buffer": {
                            "total": 13.012840500000001,
                            "count": 1,
                            "self": 0.06731370000000148,
                            "children": {
                                "load_demonstration": {
                                    "total": 8.3856119,
                                    "count": 1,
                                    "self": 8.3790885,
                                    "children": {
                                        "read_file": {
                                            "total": 0.006523400000000734,
                                            "count": 1,
                                            "self": 0.006523400000000734
                                        }
                                    }
                                },
                                "make_demo_buffer": {
                                    "total": 4.559914899999999,
                                    "count": 1,
                                    "self": 0.4263991999999206,
                                    "children": {
                                        "steps_from_proto": {
                                            "total": 4.133515700000078,
                                            "count": 10594,
                                            "self": 0.6292858999995019,
                                            "children": {
                                                "_process_vector_observation": {
                                                    "total": 3.5042298000005765,
                                                    "count": 84752,
                                                    "self": 3.5042298000005765
                                                }
                                            }
                                        }
                                    }
                                }
                            }
                        }
                    }
                },
                "TrainerController.advance": {
                    "total": 10211.873927599921,
                    "count": 963450,
                    "self": 10.845859100438247,
                    "children": {
                        "env_step": {
                            "total": 10201.028068499483,
                            "count": 963450,
                            "self": 8263.199588999178,
                            "children": {
                                "SubprocessEnvManager._take_step": {
                                    "total": 1926.4653283004295,
                                    "count": 963450,
                                    "self": 54.80109030083622,
                                    "children": {
                                        "TorchPolicy.evaluate": {
                                            "total": 1871.6642379995933,
                                            "count": 963450,
                                            "self": 799.4419296005722,
                                            "children": {
                                                "TorchPolicy.sample_actions": {
                                                    "total": 1072.2223083990211,