{
    "name": "root",
    "gauges": {
        "DroneFly.Policy.Entropy.mean": {
            "value": 2.098372220993042,
            "min": 1.910131573677063,
            "max": 2.172452926635742,
            "count": 355
        },
        "DroneFly.Environment.EpisodeLength.mean": {
            "value": 8.003623188405797,
            "min": 8.0,
            "max": 11.443661971830986,
            "count": 355
        },
        "DroneFly.Policy.ExtrinsicValueEstimate.mean": {
            "value": -1.1048966646194458,
            "min": -2.149972438812256,
            "max": -1.0999165773391724,
            "count": 355
        },
        "DroneFly.Environment.CumulativeReward.mean": {
            "value": -1.134666668831765,
            "min": -2.369095245397838,
            "max": -1.1307553979132672,
            "count": 355
        },
        "DroneFly.Policy.ExtrinsicReward.mean": {
            "value": -1.134666668831765,
            "min": -2.369095245397838,
            "max": -1.1307553979132672,
            "count": 355
        },
        "DroneFly.Losses.PolicyLoss.mean": {
            "value": 0.24286018016331262,
            "min": 0.21583762995775943,
            "max": 0.28618967079000324,
            "count": 355
        },
        "DroneFly.Losses.ValueLoss.mean": {
            "value": 0.0019521730924366063,
            "min": 7.355455739020662e-05,
            "max": 0.7298612505635947,
            "count": 355
        },
        "DroneFly.Policy.LearningRate.mean": {
            "value": 0.00022087404159271958,
            "min": 0.00022087404159271958,
            "max": 0.0002739239348458707,
            "count": 355
        },
        "DroneFly.Policy.Epsilon.mean": {
            "value": 0.17362467173913046,
            "min": 0.17362467173913046,
            "max": 0.19130797538461536,
            "count": 355
        },
        "DroneFly.Policy.Beta.mean": {
            "value": 0.00037076089152173917,
            "min": 0.00037076089152173917,
            "max": 0.00045740907938461546,
            "count": 355
        },
        "DroneFly.IsTraining.mean": {
            "value": 1.0,
            "min": 1.0,
            "max": 1.0,
            "count": 355
        }
    },
    "metadata": {
        "timer_format_version": "0.1.0",
        "start_time_seconds": "1612367379",
        "python_version": "3.8.7 (tags/v3.8.7:6503f05, Dec 21 2020, 17:59:51) [MSC v.1928 64 bit (AMD64)]",
        "command_line_arguments": "D:\\Machine Learning\\UnityVirtualEnvironments\\MLDroneEnv\\Scripts\\mlagents-learn .\\DroneFly.yaml --run-id=DroneDistanceTestCase2 --resume",
        "mlagents_version": "0.23.0",
        "mlagents_envs_version": "0.23.0",
        "communication_protocol_version": "1.3.0",
        "pytorch_version": "1.6.0+cu101",
        "numpy_version": "1.19.5",
        "end_time_seconds": "1612379316"
    },
    "total": 11937.1321467,
    "count": 1,
    "self": 0.007589400000142632,
    "children": {
        "run_training.setup": {
            "total": 0.05833020000000033,
            "count": 1,
            "self": 0.05833020000000033
        },
        "TrainerController.start_learning": {
            "total": 11937.0662271,
            "count": 1,
            "self": 5.499121000339073,
            "children": {
                "TrainerController._reset_env": {
                    "total": 17.9511443,
                    "count": 1,
                    "self": 17.9511443
                },
                "TrainerController.advance": {
                    "total": 11913.543221499662,
                    "count": 253757,
                    "self": 2.7518815999828803,
                    "children": {
                        "env_step": {
                            "total": 11910.791339899679,
                            "count": 253757,
                            "self": 11613.91343219927,
                            "children": {
                                "SubprocessEnvManager._take_step": {
                                    "total": 293.91366880006717,
                                    "count": 253757,
                                    "self": 9.269954900268544,
                                    "children": {
                                        "TorchPolicy.evaluate": {
                                            "total": 284.6437138997986,
                                            "count": 147712,
                                            "self": 110.34046069987994,
                                            "children": {
                                                "TorchPolicy.sample_actions": {
                                                    "total": 174.3032531999187,
                                                    "count": 147712,
                                                    "self": 174.3032531999187
                                                }
                                            }
                                        }
                                    }
                                },
                                "workers": {
                                    "total": 2.9642389003414245,
                                    "count": 253756,
                                    "self": 0.0,
                                    "children": {
                                        "worker_root": {
                                            "total": 11912.981993000143,
                                            "count": 253756,
                                            "is_parallel": true,
                                            "self": 578.904645499897,
                                            "children": {
                                                "steps_from_proto": {
                                                    "total": 0.0066997999999998115,
                                                    "count": 1,
                                                    "is_parallel": true,
                                                    "self": 0.00018170000000239384,
                                                    "children": {
                                                        "_process_vector_observation": {
                                                            "total": 0.006518099999997418,
                                                            "count": 8,
                                                            "is_parallel": true,
                                                            "self": 0.006518099999997418
                                                        }
                                                    }
                                                },
                                                "UnityEnvironment.step": {
                                                    "total": 11334.070647700246,
                                                    "count": 253756,
                                                    "is_parallel": true,
                                                    "self": 32.90458509942437,
                                                    "children": {
                                                        "UnityEnvironment._generate_step_input": {
                                                            "total": 90.29584810048789,
                                                            "count": 253756,
                                                            "is_parallel": true,
                                                            "self": 90.29584810048789
                                                        },
                                                        "communicator.exchange": {
                                                            "total": 10624.01835580013,
                                                            "count": 253756,