{
    "name": "root",
    "gauges": {
        "DroneFly.Policy.Entropy.mean": {
            "value": 1.3803552389144897,
            "min": 1.3803552389144897,
            "max": 1.4197503328323364,
            "count": 237
        },
        "DroneFly.Environment.EpisodeLength.mean": {
            "value": 453.3636363636364,
            "min": 216.52173913043478,
            "max": 499.0,
            "count": 237
        },
        "DroneFly.Policy.ExtrinsicValueEstimate.mean": {
            "value": 1.1901487112045288,
            "min": -0.017605626955628395,
            "max": 1.1901487112045288,
            "count": 237
        },
        "DroneFly.Environment.CumulativeReward.mean": {
            "value": 6.718283046375621,
            "min": -3.241999888420105,
            "max": 8.237911397760564,
            "count": 237
        },
        "DroneFly.Policy.ExtrinsicReward.mean": {
            "value": 6.718283046375621,
            "min": -3.241999888420105,
            "max": 8.237911397760564,
            "count": 237
        },
        "DroneFly.IsTraining.mean": {
            "value": 1.0,
            "min": 1.0,
            "max": 1.0,
            "count": 237
        },
        "DroneFly.Losses.PolicyLoss.mean": {
            "value": 0.02683636097450896,
            "min": 0.015522192740415145,
            "max": 0.037454745247183986,
            "count": 140
        },
        "DroneFly.Losses.ValueLoss.mean": {
            "value": 0.03891672737275561,
            "min": 0.0004133080316629882,
            "max": 0.20124465289215246,
            "count": 140
        },
        "DroneFly.Policy.LearningRate.mean": {
            "value": 0.00026447929184024,
            "min": 0.00026447929184024,
            "max": 0.00029974500008499996,
            "count": 140
        },
        "DroneFly.Policy.Epsilon.mean": {
            "value": 0.18815976,
            "min": 0.18815976,
            "max": 0.19991499999999998,
            "count": 140
        },
        "DroneFly.Policy.Beta.mean": {
            "value": 0.000882781624,
            "min": 0.000882781624,
            "max": 0.0009991585,
            "count": 140
        }
    },
    "metadata": {
        "timer_format_version": "0.1.0",
        "start_time_seconds": "1613187375",
        "python_version": "3.8.7 (tags/v3.8.7:6503f05, Dec 21 2020, 17:59:51) [MSC v.1928 64 bit (AMD64)]",
        "command_line_arguments": "D:\\Machine Learning\\UnityVirtualEnvironments\\MLDroneEnv\\Scripts\\mlagents-learn .\\DroneFly.yaml --run-id=DroneDistanceTestCase121",
        "mlagents_version": "0.23.0",
        "mlagents_envs_version": "0.23.0",
        "communication_protocol_version": "1.3.0",
        "pytorch_version": "1.6.0+cu101",
        "numpy_version": "1.19.5",
        "end_time_seconds": "1613200318"
    },
    "total": 12943.684145000001,
    "count": 1,
    "self": 0.009932900000421796,
    "children": {
        "run_training.setup": {
            "total": 0.024463299999999966,
            "count": 1,
            "self": 0.024463299999999966
        },
        "TrainerController.start_learning": {
            "total": 12943.6497488,
            "count": 1,
            "self": 28.488140199860936,
            "children": {
                "TrainerController._reset_env": {
                    "total": 17.0760212,
                    "count": 1,
                    "self": 17.0760212
                },
                "TrainerController.advance": {
                    "total": 12897.937519400139,
                    "count": 1188883,
                    "self": 13.465290200600066,
                    "children": {
                        "env_step": {
                            "total": 12884.472229199539,
                            "count": 1188883,
                            "self": 10364.544335300983,
                            "children": {
                                "SubprocessEnvManager._take_step": {
                                    "total": 2505.459195399447,
                                    "count": 1188883,
                                    "self": 71.06738369973846,
                                    "children": {
                                        "TorchPolicy.evaluate": {
                                            "total": 2434.3918116997083,
                                            "count": 1188883,
                                            "self": 1057.8835392993296,
                                            "children": {
                                                "TorchPolicy.sample_actions": {
                                                    "total": 1376.5082724003787,
                                                    "count": 1188883,
                                                    "self": 1376.5082724003787
                                                }
                                            }
                                        }
                                    }
                                },
                                "workers": {
                                    "total": 14.468698499108392,
                                    "count": 1188882,
                                    "self": 0.0,
                                    "children": {
                                        "worker_root": {
                                            "total": 12891.34288999993,
                                            "count": 1188882,
                                            "is_parallel": true,
                                            "self": 3705.7321134993217,
                                            "children": {
                                                "steps_from_proto": {
                                                    "total": 0.0009139999999998594,
                                                    "count": 1,
                                                    "is_parallel": true,
                                                    "self": 0.00012479999999825964,
                                                    "children": {
                                                        "_process_vector_observation": {
                                                            "total": 0.0007892000000015997,
                                                            "count": 8,
                                                            "is_parallel": true,
                                                            "self": 0.0007892000000015997
                                                        }
                                                    }
                                                },
                                                "UnityEnvironment.step": {
                                                    "total": 9185.609862500609,
                                                    "count": 1188882,
                                                    "is_parallel": true,
                                                    "self": 84.21490930089749,
                                                    "children": {
                                                        "UnityEnvironment._generate_step_input": {
                                                            "total": 177.64590210063196,
                                                            "count": 1188882,
                                                            "is_parallel": true,
                                                            "self": 177.64590210063196
                                                        },
                                                        "communicator.exchange": {
                                                            "total": 8264.954561299486,
                                                            "count": 1188882,
                                                            "is_parallel": true,