{
    "name": "root",
    "gauges": {
        "DroneFly.Policy.Entropy.mean": {
            "value": 1.417683482170105,
            "min": 1.417683482170105,
            "max": 1.4189385175704956,
            "count": 3
        },
        "DroneFly.Environment.EpisodeLength.mean": {
            "value": 499.0,
            "min": 499.0,
            "max": 499.0,
            "count": 3
        },
        "DroneFly.Policy.ExtrinsicValueEstimate.mean": {
            "value": -0.05440723896026611,
            "min": -0.05440723896026611,
            "max": -0.008277833461761475,
            "count": 3
        },
        "DroneFly.Environment.CumulativeReward.mean": {
            "value": -1.0000001192092896,
            "min": -1.0000001192092896,
            "max": -1.0000001192092896,
            "count": 3
        },
        "DroneFly.Policy.ExtrinsicReward.mean": {
            "value": -1.0000001192092896,
            "min": -1.0000001192092896,
            "max": -1.0000001192092896,
            "count": 3
        },
        "DroneFly.IsTraining.mean": {
            "value": 1.0,
            "min": 1.0,
            "max": 1.0,
            "count": 3
        },
        "DroneFly.Losses.PolicyLoss.mean": {
            "value": 0.023179058686461456,
            "min": 0.023179058686461456,
            "max": 0.023179058686461456,
            "count": 1
        },
        "DroneFly.Losses.ValueLoss.mean": {
            "value": 0.006837373446614947,
            "min": 0.006837373446614947,
            "max": 0.006837373446614947,
            "count": 1
        },
        "DroneFly.Policy.LearningRate.mean": {
            "value": 0.00029974500008499996,
            "min": 0.00029974500008499996,
            "max": 0.00029974500008499996,
            "count": 1
        },
        "DroneFly.Policy.Epsilon.mean": {
            "value": 0.19991499999999998,
            "min": 0.19991499999999998,
            "max": 0.19991499999999998,
            "count": 1
        },
        "DroneFly.Policy.Beta.mean": {
            "value": 0.0009991585,
            "min": 0.0009991585,
            "max": 0.0009991585,
            "count": 1
        }
    },
    "metadata": {
        "timer_format_version": "0.1.0",
        "start_time_seconds": "1613186443",
        "python_version": "3.8.7 (tags/v3.8.7:6503f05, Dec 21 2020, 17:59:51) [MSC v.1928 64 bit (AMD64)]",
        "command_line_arguments": "D:\\Machine Learning\\UnityVirtualEnvironments\\MLDroneEnv\\Scripts\\mlagents-learn .\\DroneFly.yaml --run-id=DroneDistanceTestCase115",
        "mlagents_version": "0.23.0",
        "mlagents_envs_version": "0.23.0",
        "communication_protocol_version": "1.3.0",
        "pytorch_version": "1.6.0+cu101",
        "numpy_version": "1.19.5",
        "end_time_seconds": "1613186679"
    },
    "total": 235.31314719999997,
    "count": 1,
    "self": 0.007075999999983651,
    "children": {
        "run_training.setup": {
            "total": 0.02040629999999999,
            "count": 1,
            "self": 0.02040629999999999
        },
        "TrainerController.start_learning": {
            "total": 235.2856649,
            "count": 1,
            "self": 0.41248980000159463,
            "children": {
                "TrainerController._reset_env": {
                    "total": 16.6155617,
                    "count": 1,
                    "self": 16.6155617
                },
                "TrainerController.advance": {
                    "total": 218.0465099999984,
                    "count": 17534,
                    "self": 0.1868769999980202,
                    "children": {
                        "env_step": {
                            "total": 217.85963300000037,
                            "count": 17534,
                            "self": 180.4252161,
                            "children": {
                                "SubprocessEnvManager._take_step": {
                                    "total": 37.225476100001,
                                    "count": 17534,
                                    "self": 1.0529825000013489,
                                    "children": {
                                        "TorchPolicy.evaluate": {
                                            "total": 36.172493599999655,
                                            "count": 17534,
                                            "self": 15.119308599999151,
                                            "children": {
                                                "TorchPolicy.sample_actions": {
                                                    "total": 21.053185000000504,
                                                    "count": 17534,
                                                    "self": 21.053185000000504
                                                }
                                            }
                                        }
                                    }
                                },
                                "workers": {
                                    "total": 0.20894079999937887,
                                    "count": 17533,
                                    "self": 0.0,
                                    "children": {
                                        "worker_root": {
                                            "total": 219.30655420000014,
                                            "count": 17533,
                                            "is_parallel": true,
                                            "self": 56.43540740000074,
                                            "children": {
                                                "steps_from_proto": {
                                                    "total": 0.0008552000000001669,
                                                    "count": 1,
                                                    "is_parallel": true,
                                                    "self": 0.00010690000000046496,
                                                    "children": {
                                                        "_process_vector_observation": {
                                                            "total": 0.000748299999999702,
                                                            "count": 8,
                                                            "is_parallel": true,
                                                            "self": 0.000748299999999702
                                                        }
                                                    }
                                                },
                                                "UnityEnvironment.step": {
                                                    "total": 162.8702915999994,
                                                    "count": 17533,
                                                    "is_parallel": true,
                                                    "self": 1.2196027999998762,
                                                    "children": {
                                                        "UnityEnvironment._generate_step_input": {
                                                            "total": 2.6186379000004614,
                                                            "count": 17533,
                                                            "is_parallel": true,
                                                            "self": 2.6186379000004614
                                                        },
                                                        "communicator.exchange": {
                                                            "total": 149.05412119999968,
                                                            "count": 17533,
                                                            "is_parallel": true,