{
    "name": "root",
    "gauges": {
        "DroneFly.Policy.Entropy.mean": {
            "value": 3.418938398361206,
            "min": 1.4352511167526245,
            "max": 3.418938398361206,
            "count": 509
        },
        "DroneFly.Policy.ExtrinsicValueEstimate.mean": {
            "value": 0.770302951335907,
            "min": -20.61174201965332,
            "max": 4.282600402832031,
            "count": 509
        },
        "DroneFly.Environment.EpisodeLength.mean": {
            "value": 80.1639344262295,
            "min": 67.08955223880596,
            "max": 140.06976744186048,
            "count": 509
        },
        "DroneFly.Losses.ValueLoss.mean": {
            "value": 0.00011687473306665197,
            "min": 2.593696081021335e-05,
            "max": 5381.06884765625,
            "count": 509
        },
        "DroneFly.Losses.PolicyLoss.mean": {
            "value": 0.26595020294189453,
            "min": 0.23628178238868713,
            "max": 0.9505953192710876,
            "count": 509
        },
        "DroneFly.Policy.LearningRate.mean": {
            "value": 0.00014745381486136466,
            "min": 0.00014745381486136466,
            "max": 0.0002998171839863062,
            "count": 509
        },
        "DroneFly.Policy.Epsilon.mean": {
            "value": 0.1491512507200241,
            "min": 0.1491512507200241,
            "max": 0.1999390721321106,
            "count": 509
        },
        "DroneFly.Policy.Beta.mean": {
            "value": 0.0002508411416783929,
            "min": 0.0002508411416783929,
            "max": 0.0004997014184482396,
            "count": 509
        },
        "DroneFly.Environment.CumulativeReward.mean": {
            "value": 1.0,
            "min": 0.0,
            "max": 1.0,
            "count": 509
        },
        "DroneFly.Policy.ExtrinsicReward.mean": {
            "value": 1.0,
            "min": 0.0,
            "max": 1.0,
            "count": 509
        },
        "DroneFly.IsTraining.mean": {
            "value": 1.0,
            "min": 1.0,
            "max": 1.0,
            "count": 509
        }
    },
    "metadata": {
        "timer_format_version": "0.1.0",
        "start_time_seconds": "1605939554",
        "python_version": "3.8.6 (tags/v3.8.6:db45529, Sep 23 2020, 15:52:53) [MSC v.1927 64 bit (AMD64)]",
        "command_line_arguments": "D:\\Projects\\VirtualEnviroments\\UnityMLAgentsTestEnv\\Scripts\\mlagents-learn .\\DroneFly.yaml --run-id=DroneFly11",
        "mlagents_version": "0.17.0",
        "mlagents_envs_version": "0.17.0",
        "communication_protocol_version": "1.0.0",
        "tensorflow_version": "2.2.0",
        "end_time_seconds": "1605942831"
    },
    "total": 3276.873846,
    "count": 1,
    "self": 0.008061600000019098,
    "children": {
        "run_training.setup": {
            "total": 0.030029599999999768,
            "count": 1,
            "self": 0.030029599999999768
        },
        "TrainerController.start_learning": {
            "total": 3276.8357548,
            "count": 1,
            "self": 137.78335520006976,
            "children": {
                "TrainerController._reset_env": {
                    "total": 13.191193,
                    "count": 1,
                    "self": 13.191193
                },
                "TrainerController.advance": {
                    "total": 3121.7088676999306,
                    "count": 226653,
                    "self": 2.6558425999146493,
                    "children": {
                        "env_step": {
                            "total": 3119.053025100016,
                            "count": 226653,
                            "self": 2936.0562034998675,
                            "children": {
                                "SubprocessEnvManager._take_step": {
                                    "total": 179.91234570001896,
                                    "count": 226653,
                                    "self": 7.69307039997031,
                                    "children": {
                                        "NNPolicy.evaluate": {
                                            "total": 172.21927530004865,
                                            "count": 212435,
                                            "self": 172.21927530004865
                                        }
                                    }
                                },
                                "workers": {
                                    "total": 3.0844759001295863,
                                    "count": 226652,
                                    "self": 0.0,
                                    "children": {
                                        "worker_root": {
                                            "total": 3251.20686679994,
                                            "count": 226652,
                                            "is_parallel": true,
                                            "self": 792.8376917000119,
                                            "children": {
                                                "steps_from_proto": {
                                                    "total": 0.00041809999999919967,
                                                    "count": 1,
                                                    "is_parallel": true,
                                                    "self": 0.0001020999999976624,
                                                    "children": {
                                                        "_process_vector_observation": {
                                                            "total": 0.0003160000000015373,
                                                            "count": 2,
                                                            "is_parallel": true,
                                                            "self": 0.0003160000000015373
                                                        }
                                                    }
                                                },
                                                "UnityEnvironment.step": {
                                                    "total": 2458.3687569999283,
                                                    "count": 226652,
                                                    "is_parallel": true,
                                                    "self": 18.35330579992342,
                                                    "children": {
                                                        "UnityEnvironment._generate_step_input": {
                                                            "total": 86.04394769999462,
                                                            "count": 226652,
                                                            "is_parallel": true,
                                                            "self": 86.04394769999462
                                                        },
                                                        "communicator.exchange": {
                                                            "total": 2293.745097399994,
                                                            "count": 226652,
                                                            "is_parallel": true,
                                                            "self": 2293.745097399994
                                                        },
                                                        "steps_from_proto": {
                                                            "total": 60.22640610001659,
                                                            "count": 226652,
                                                            "is_parallel": true,
                                                            "self": 19.369094600022663,