{
    "name": "root",
    "gauges": {
        "DroneFly.Policy.Entropy.mean": {
            "value": -0.4168573319911957,
            "min": -0.4168573319911957,
            "max": 1.4115427732467651,
            "count": 134
        },
        "DroneFly.Policy.ExtrinsicValueEstimate.mean": {
            "value": -1.2002582550048828,
            "min": -1.2688554525375366,
            "max": 14.36694622039795,
            "count": 134
        },
        "DroneFly.Policy.GailValueEstimate.mean": {
            "value": 0.03679412603378296,
            "min": -1.930833101272583,
            "max": 0.40168654918670654,
            "count": 134
        },
        "DroneFly.Losses.PolicyLoss.mean": {
            "value": 0.2172381991623858,
            "min": 0.15271492250142016,
            "max": 0.31885402053335127,
            "count": 134
        },
        "DroneFly.Losses.ValueLoss.mean": {
            "value": 0.010464891615237486,
            "min": 0.00031298826949310854,
            "max": 45.511577875210165,
            "count": 134
        },
        "DroneFly.Policy.LearningRate.mean": {
            "value": 0.000279963414678864,
            "min": 0.000279963414678864,
            "max": 0.000299925684024772,
            "count": 134
        },
        "DroneFly.Policy.Epsilon.mean": {
            "value": 0.19332113600000006,
            "min": 0.19332113600000006,
            "max": 0.199975228,
            "count": 134
        },
        "DroneFly.Policy.Beta.mean": {
            "value": 0.00046727356639999996,
            "min": 0.00046727356639999996,
            "max": 0.0004998786172000001,
            "count": 134
        },
        "DroneFly.Policy.GAILPolicyEstimate.mean": {
            "value": 0.005106757884659909,
            "min": 0.0019874557620343327,
            "max": 0.10334884028296618,
            "count": 134
        },
        "DroneFly.Policy.GAILExpertEstimate.mean": {
            "value": 0.9946110269484475,
            "min": 0.9493507304206951,
            "max": 0.9997453472253248,
            "count": 134
        },
        "DroneFly.Losses.GAILLoss.mean": {
            "value": 0.012309550192042492,
            "min": 0.002803586823838363,
            "max": 0.1770053130360679,
            "count": 134
        },
        "DroneFly.Policy.GAILGradMagLoss.mean": {
            "value": 0.013900339830225567,
            "min": 0.005677499206186645,
            "max": 1.248101632371353,
            "count": 134
        },
        "DroneFly.Losses.PretrainingLoss.mean": {
            "value": 0.019959611996410435,
            "min": 0.018541755473793102,
            "max": 1.0354109085636376,
            "count": 134
        },
        "DroneFly.Environment.EpisodeLength.mean": {
            "value": 195.70833333333334,
            "min": 158.48387096774192,
            "max": 247.72,
            "count": 134
        },
        "DroneFly.Environment.CumulativeReward.mean": {
            "value": -2.365416592763116,
            "min": -2.3904347224565954,
            "max": -1.0017856864391692,
            "count": 134
        },
        "DroneFly.Policy.ExtrinsicReward.mean": {
            "value": -2.365416592763116,
            "min": -2.3904347224565954,
            "max": -1.0017856864391692,
            "count": 134
        },
        "DroneFly.Policy.GailReward.mean": {
            "value": 1.1035621044954669,
            "min": 0.14852587536530645,
            "max": 77.82419470307373,
            "count": 134
        },
        "DroneFly.IsTraining.mean": {
            "value": 1.0,
            "min": 1.0,
            "max": 1.0,
            "count": 134
        }
    },
    "metadata": {
        "timer_format_version": "0.1.0",
        "start_time_seconds": "1612749998",
        "python_version": "3.8.7 (tags/v3.8.7:6503f05, Dec 21 2020, 17:59:51) [MSC v.1928 64 bit (AMD64)]",
        "command_line_arguments": "D:\\Machine Learning\\UnityVirtualEnvironments\\MLDroneEnv\\Scripts\\mlagents-learn .\\DroneFly.yaml --run-id=DroneDistanceTestCase15",
        "mlagents_version": "0.23.0",
        "mlagents_envs_version": "0.23.0",
        "communication_protocol_version": "1.3.0",
        "pytorch_version": "1.6.0+cu101",
        "numpy_version": "1.19.5",
        "end_time_seconds": "1612755133"
    },
    "total": 5134.9736722,
    "count": 1,
    "self": 0.005619600000500213,
    "children": {
        "run_training.setup": {
            "total": 0.018429699999999993,
            "count": 1,
            "self": 0.018429699999999993
        },
        "TrainerController.start_learning": {
            "total": 5134.9496229,
            "count": 1,
            "self": 2.631300599977294,
            "children": {
                "TrainerController._reset_env": {
                    "total": 20.096753900000003,
                    "count": 1,
                    "self": 18.702289300000004,
                    "children": {
                        "demo_to_buffer": {
                            "total": 1.3944645999999992,
                            "count": 2,
                            "self": 0.006620099999995688,
                            "children": {
                                "load_demonstration": {
                                    "total": 0.9000683000000009,
                                    "count": 2,
                                    "self": 0.8994678,
                                    "children": {
                                        "read_file": {
                                            "total": 0.000600500000000892,
                                            "count": 2,
                                            "self": 0.000600500000000892
                                        }
                                    }
                                },
                                "make_demo_buffer": {
                                    "total": 0.48777620000000255,
                                    "count": 2,
                                    "self": 0.046752499999985986,
                                    "children": {
                                        "steps_from_proto": {
                                            "total": 0.44102370000001656,
                                            "count": 1092,
                                            "self": 0.06540500000020089,
                                            "children": {
                                                "_process_vector_observation": {
                                                    "total": 0.3756186999998157,
                                                    "count": 8736,
                                                    "self": 0.3756186999998157
                                                }
                                            }
                                        }
                                    }
                                }
                            }
                        }
                    }
                },
                "TrainerController.advance": {
                    "total": 5112.150964800022,
                    "count": 60919,
                    "self": 0.770507400004135,
                    "children": {
                        "env_step": {
                            "total": 5111.380457400018,
                            "count": 60919,
                            "self": 4955.044867499932,
                            "children": {
                                "SubprocessEnvManager._take_step": {
                                    "total": 155.52877450002808,
                                    "count": 60919,
                                    "self": 4.474762200034263,
                                    "children": {
                                        "TorchPolicy.evaluate": {
                                            "total": 151.05401229999381,